"Analysis","Spec","Window","WindowLabel","Comparison","ComparatorCondition","UnrestrictedClass","ComparatorClass","n","RowTotal","RowPct","StayedSameLabel"
"Joint Parental Residence Patterns","JPA","time_0_5","Early childhood (0-5 years)","Unrestricted vs Restricted (at least 2 complete occasions)","Restricted (at least 2 complete occasions)","Concave Trough Early — Mother: Shift Up Mid (1–5y); Father: Shift Down Early (0–3y)","Stable High — Mother: Stable High (0–5y); Father: Stable High (0–5y)",166,166,1,FALSE
"Joint Parental Residence Patterns","JPA","time_0_5","Early childhood (0-5 years)","Unrestricted vs Restricted (at least 2 complete occasions)","Restricted (at least 2 complete occasions)","Stable High — Mother: Stable High (0–5y); Father: Stable High (0–5y)","Concave Trough Early — Mother: Shift Up Mid (1–5y); Father: Shift Down Early (0–3y)",258,258,1,FALSE
"Joint Parental Residence Patterns","JPA","time_0_5","Early childhood (0-5 years)","Unrestricted vs Restricted (at least 2 complete occasions)","Restricted (at least 2 complete occasions)","Stable Low — Mother: Stable Low (0–5y); Father: Stable Low (0–5y)","Stable Low — Mother: Stable Low (0–5y); Father: Stable Low (0–5y)",724,724,1,TRUE
"Joint Parental Residence Patterns","JPA","time_0_5","Early childhood (0-5 years)","Unrestricted vs Restricted (at least 2 complete occasions)","Restricted (at least 2 complete occasions)","Stable Medium — Mother: Stable Low (0–5y); Father: Stable High (0–5y)","Concave Trough Early — Mother: Shift Up Mid (1–5y); Father: Shift Down Early (0–3y)",1,809,0.00123609394313968,FALSE
"Joint Parental Residence Patterns","JPA","time_0_5","Early childhood (0-5 years)","Unrestricted vs Restricted (at least 2 complete occasions)","Restricted (at least 2 complete occasions)","Stable Medium — Mother: Stable Low (0–5y); Father: Stable High (0–5y)","Stable Medium — Mother: Stable Low (0–5y); Father: Stable High (0–5y)",808,809,0.99876390605686,TRUE
"Joint Parental Residence Patterns","JPA","time_0_5","Early childhood (0-5 years)","Unrestricted vs Stricter restricted (at least 3 complete occasions)","Stricter restricted (at least 3 complete occasions)","Concave Trough Early — Mother: Shift Up Mid (1–5y); Father: Shift Down Early (0–3y)","Stable Medium — Mother: Stable Low (0–5y); Father: Stable High (0–5y)",145,145,1,FALSE
"Joint Parental Residence Patterns","JPA","time_0_5","Early childhood (0-5 years)","Unrestricted vs Stricter restricted (at least 3 complete occasions)","Stricter restricted (at least 3 complete occasions)","Stable High — Mother: Stable High (0–5y); Father: Stable High (0–5y)","Concave Trough Early — Mother: Shift Up Mid (1–5y); Father: Shift Down Early (0–3y)",220,228,0.964912280701754,FALSE
"Joint Parental Residence Patterns","JPA","time_0_5","Early childhood (0-5 years)","Unrestricted vs Stricter restricted (at least 3 complete occasions)","Stricter restricted (at least 3 complete occasions)","Stable High — Mother: Stable High (0–5y); Father: Stable High (0–5y)","Stable Low — Mother: Stable Low (0–5y); Father: Stable Low (0–5y)",7,228,0.0307017543859649,FALSE
"Joint Parental Residence Patterns","JPA","time_0_5","Early childhood (0-5 years)","Unrestricted vs Stricter restricted (at least 3 complete occasions)","Stricter restricted (at least 3 complete occasions)","Stable High — Mother: Stable High (0–5y); Father: Stable High (0–5y)","Stable Medium — Mother: Stable Low (0–5y); Father: Stable High (0–5y)",1,228,0.0043859649122807,FALSE
"Joint Parental Residence Patterns","JPA","time_0_5","Early childhood (0-5 years)","Unrestricted vs Stricter restricted (at least 3 complete occasions)","Stricter restricted (at least 3 complete occasions)","Stable Low — Mother: Stable Low (0–5y); Father: Stable Low (0–5y)","Stable High — Mother: Stable High (0–5y); Father: Stable High (0–5y)",651,651,1,FALSE
"Joint Parental Residence Patterns","JPA","time_0_5","Early childhood (0-5 years)","Unrestricted vs Stricter restricted (at least 3 complete occasions)","Stricter restricted (at least 3 complete occasions)","Stable Medium — Mother: Stable Low (0–5y); Father: Stable High (0–5y)","Concave Trough Early — Mother: Shift Up Mid (1–5y); Father: Shift Down Early (0–3y)",1,713,0.00140252454417952,FALSE
"Joint Parental Residence Patterns","JPA","time_0_5","Early childhood (0-5 years)","Unrestricted vs Stricter restricted (at least 3 complete occasions)","Stricter restricted (at least 3 complete occasions)","Stable Medium — Mother: Stable Low (0–5y); Father: Stable High (0–5y)","Stable Low — Mother: Stable Low (0–5y); Father: Stable Low (0–5y)",712,713,0.99859747545582,FALSE
"Joint Parental Residence Patterns","JPA","time_6_12","Middle-late childhood (6-12 years)","Unrestricted vs Restricted (at least 2 complete occasions)","Restricted (at least 2 complete occasions)","Class 1","Class 4",164,164,1,FALSE
"Joint Parental Residence Patterns","JPA","time_6_12","Middle-late childhood (6-12 years)","Unrestricted vs Restricted (at least 2 complete occasions)","Restricted (at least 2 complete occasions)","Class 2","Class 3",202,203,0.995073891625616,FALSE
"Joint Parental Residence Patterns","JPA","time_6_12","Middle-late childhood (6-12 years)","Unrestricted vs Restricted (at least 2 complete occasions)","Restricted (at least 2 complete occasions)","Class 2","Class 4",1,203,0.00492610837438424,FALSE
"Joint Parental Residence Patterns","JPA","time_6_12","Middle-late childhood (6-12 years)","Unrestricted vs Restricted (at least 2 complete occasions)","Restricted (at least 2 complete occasions)","Class 3","Class 2",284,285,0.996491228070175,FALSE
"Joint Parental Residence Patterns","JPA","time_6_12","Middle-late childhood (6-12 years)","Unrestricted vs Restricted (at least 2 complete occasions)","Restricted (at least 2 complete occasions)","Class 3","Class 7",1,285,0.00350877192982456,FALSE
"Joint Parental Residence Patterns","JPA","time_6_12","Middle-late childhood (6-12 years)","Unrestricted vs Restricted (at least 2 complete occasions)","Restricted (at least 2 complete occasions)","Class 4","Class 6",151,151,1,FALSE
"Joint Parental Residence Patterns","JPA","time_6_12","Middle-late childhood (6-12 years)","Unrestricted vs Restricted (at least 2 complete occasions)","Restricted (at least 2 complete occasions)","Class 5","Class 7",244,244,1,FALSE
"Joint Parental Residence Patterns","JPA","time_6_12","Middle-late childhood (6-12 years)","Unrestricted vs Restricted (at least 2 complete occasions)","Restricted (at least 2 complete occasions)","Class 6","Class 1",753,753,1,FALSE
"Joint Parental Residence Patterns","JPA","time_6_12","Middle-late childhood (6-12 years)","Unrestricted vs Restricted (at least 2 complete occasions)","Restricted (at least 2 complete occasions)","Class 7","Class 5",782,782,1,FALSE
"Joint Parental Residence Patterns","JPA","time_6_12","Middle-late childhood (6-12 years)","Unrestricted vs Stricter restricted (at least 3 complete occasions)","Stricter restricted (at least 3 complete occasions)","Class 1","Class 7",160,160,1,FALSE
"Joint Parental Residence Patterns","JPA","time_6_12","Middle-late childhood (6-12 years)","Unrestricted vs Stricter restricted (at least 3 complete occasions)","Stricter restricted (at least 3 complete occasions)","Class 2","Class 5",199,200,0.995,FALSE
"Joint Parental Residence Patterns","JPA","time_6_12","Middle-late childhood (6-12 years)","Unrestricted vs Stricter restricted (at least 3 complete occasions)","Stricter restricted (at least 3 complete occasions)","Class 2","Class 7",1,200,0.005,FALSE
"Joint Parental Residence Patterns","JPA","time_6_12","Middle-late childhood (6-12 years)","Unrestricted vs Stricter restricted (at least 3 complete occasions)","Stricter restricted (at least 3 complete occasions)","Class 3","Class 1",262,263,0.996197718631179,FALSE
"Joint Parental Residence Patterns","JPA","time_6_12","Middle-late childhood (6-12 years)","Unrestricted vs Stricter restricted (at least 3 complete occasions)","Stricter restricted (at least 3 complete occasions)","Class 3","Class 6",1,263,0.00380228136882129,FALSE
"Joint Parental Residence Patterns","JPA","time_6_12","Middle-late childhood (6-12 years)","Unrestricted vs Stricter restricted (at least 3 complete occasions)","Stricter restricted (at least 3 complete occasions)","Class 4","Class 2",145,146,0.993150684931507,FALSE
"Joint Parental Residence Patterns","JPA","time_6_12","Middle-late childhood (6-12 years)","Unrestricted vs Stricter restricted (at least 3 complete occasions)","Stricter restricted (at least 3 complete occasions)","Class 4","Class 6",1,146,0.00684931506849315,FALSE
"Joint Parental Residence Patterns","JPA","time_6_12","Middle-late childhood (6-12 years)","Unrestricted vs Stricter restricted (at least 3 complete occasions)","Stricter restricted (at least 3 complete occasions)","Class 5","Class 3",1,237,0.00421940928270042,FALSE
"Joint Parental Residence Patterns","JPA","time_6_12","Middle-late childhood (6-12 years)","Unrestricted vs Stricter restricted (at least 3 complete occasions)","Stricter restricted (at least 3 complete occasions)","Class 5","Class 6",236,237,0.9957805907173,FALSE
"Joint Parental Residence Patterns","JPA","time_6_12","Middle-late childhood (6-12 years)","Unrestricted vs Stricter restricted (at least 3 complete occasions)","Stricter restricted (at least 3 complete occasions)","Class 6","Class 4",716,716,1,FALSE
"Joint Parental Residence Patterns","JPA","time_6_12","Middle-late childhood (6-12 years)","Unrestricted vs Stricter restricted (at least 3 complete occasions)","Stricter restricted (at least 3 complete occasions)","Class 7","Class 3",751,751,1,FALSE
"Joint Maternal Absence + Household Socioeconomic Status","JMAES","time_0_5","Early childhood (0-5 years)","Unrestricted vs Restricted (at least 2 complete occasions)","Restricted (at least 2 complete occasions)","Class 1","Class 3",215,215,1,FALSE
"Joint Maternal Absence + Household Socioeconomic Status","JMAES","time_0_5","Early childhood (0-5 years)","Unrestricted vs Restricted (at least 2 complete occasions)","Restricted (at least 2 complete occasions)","Class 2","Class 1",971,975,0.995897435897436,FALSE
"Joint Maternal Absence + Household Socioeconomic Status","JMAES","time_0_5","Early childhood (0-5 years)","Unrestricted vs Restricted (at least 2 complete occasions)","Restricted (at least 2 complete occasions)","Class 2","Class 2",1,975,0.00102564102564103,TRUE
"Joint Maternal Absence + Household Socioeconomic Status","JMAES","time_0_5","Early childhood (0-5 years)","Unrestricted vs Restricted (at least 2 complete occasions)","Restricted (at least 2 complete occasions)","Class 2","Class 5",3,975,0.00307692307692308,FALSE
"Joint Maternal Absence + Household Socioeconomic Status","JMAES","time_0_5","Early childhood (0-5 years)","Unrestricted vs Restricted (at least 2 complete occasions)","Restricted (at least 2 complete occasions)","Class 3","Class 1",2,414,0.00483091787439614,FALSE
"Joint Maternal Absence + Household Socioeconomic Status","JMAES","time_0_5","Early childhood (0-5 years)","Unrestricted vs Restricted (at least 2 complete occasions)","Restricted (at least 2 complete occasions)","Class 3","Class 2",412,414,0.995169082125604,FALSE
"Joint Maternal Absence + Household Socioeconomic Status","JMAES","time_0_5","Early childhood (0-5 years)","Unrestricted vs Restricted (at least 2 complete occasions)","Restricted (at least 2 complete occasions)","Class 4","Class 4",122,122,1,TRUE
"Joint Maternal Absence + Household Socioeconomic Status","JMAES","time_0_5","Early childhood (0-5 years)","Unrestricted vs Restricted (at least 2 complete occasions)","Restricted (at least 2 complete occasions)","Class 5","Class 3",3,228,0.0131578947368421,FALSE
"Joint Maternal Absence + Household Socioeconomic Status","JMAES","time_0_5","Early childhood (0-5 years)","Unrestricted vs Restricted (at least 2 complete occasions)","Restricted (at least 2 complete occasions)","Class 5","Class 4",1,228,0.0043859649122807,FALSE
"Joint Maternal Absence + Household Socioeconomic Status","JMAES","time_0_5","Early childhood (0-5 years)","Unrestricted vs Restricted (at least 2 complete occasions)","Restricted (at least 2 complete occasions)","Class 5","Class 5",224,228,0.982456140350877,TRUE
"Joint Maternal Absence + Household Socioeconomic Status","JMAES","time_0_5","Early childhood (0-5 years)","Unrestricted vs Stricter restricted (at least 3 complete occasions)","Stricter restricted (at least 3 complete occasions)","Class 1","Class 1",155,155,1,TRUE
"Joint Maternal Absence + Household Socioeconomic Status","JMAES","time_0_5","Early childhood (0-5 years)","Unrestricted vs Stricter restricted (at least 3 complete occasions)","Stricter restricted (at least 3 complete occasions)","Class 2","Class 1",4,716,0.00558659217877095,FALSE
"Joint Maternal Absence + Household Socioeconomic Status","JMAES","time_0_5","Early childhood (0-5 years)","Unrestricted vs Stricter restricted (at least 3 complete occasions)","Stricter restricted (at least 3 complete occasions)","Class 2","Class 3",712,716,0.994413407821229,FALSE
"Joint Maternal Absence + Household Socioeconomic Status","JMAES","time_0_5","Early childhood (0-5 years)","Unrestricted vs Stricter restricted (at least 3 complete occasions)","Stricter restricted (at least 3 complete occasions)","Class 3","Class 2",320,342,0.935672514619883,FALSE
"Joint Maternal Absence + Household Socioeconomic Status","JMAES","time_0_5","Early childhood (0-5 years)","Unrestricted vs Stricter restricted (at least 3 complete occasions)","Stricter restricted (at least 3 complete occasions)","Class 3","Class 3",22,342,0.064327485380117,TRUE
"Joint Maternal Absence + Household Socioeconomic Status","JMAES","time_0_5","Early childhood (0-5 years)","Unrestricted vs Stricter restricted (at least 3 complete occasions)","Stricter restricted (at least 3 complete occasions)","Class 4","Class 1",3,100,0.03,FALSE
"Joint Maternal Absence + Household Socioeconomic Status","JMAES","time_0_5","Early childhood (0-5 years)","Unrestricted vs Stricter restricted (at least 3 complete occasions)","Stricter restricted (at least 3 complete occasions)","Class 4","Class 4",1,100,0.01,TRUE
"Joint Maternal Absence + Household Socioeconomic Status","JMAES","time_0_5","Early childhood (0-5 years)","Unrestricted vs Stricter restricted (at least 3 complete occasions)","Stricter restricted (at least 3 complete occasions)","Class 4","Class 5",96,100,0.96,FALSE
"Joint Maternal Absence + Household Socioeconomic Status","JMAES","time_0_5","Early childhood (0-5 years)","Unrestricted vs Stricter restricted (at least 3 complete occasions)","Stricter restricted (at least 3 complete occasions)","Class 5","Class 1",24,154,0.155844155844156,FALSE
"Joint Maternal Absence + Household Socioeconomic Status","JMAES","time_0_5","Early childhood (0-5 years)","Unrestricted vs Stricter restricted (at least 3 complete occasions)","Stricter restricted (at least 3 complete occasions)","Class 5","Class 3",4,154,0.025974025974026,FALSE
"Joint Maternal Absence + Household Socioeconomic Status","JMAES","time_0_5","Early childhood (0-5 years)","Unrestricted vs Stricter restricted (at least 3 complete occasions)","Stricter restricted (at least 3 complete occasions)","Class 5","Class 4",124,154,0.805194805194805,FALSE
"Joint Maternal Absence + Household Socioeconomic Status","JMAES","time_0_5","Early childhood (0-5 years)","Unrestricted vs Stricter restricted (at least 3 complete occasions)","Stricter restricted (at least 3 complete occasions)","Class 5","Class 5",2,154,0.012987012987013,TRUE
"Joint Maternal Absence + Household Socioeconomic Status","JMAES","time_6_12","Middle-late childhood (6-12 years)","Unrestricted vs Restricted (at least 2 complete occasions)","Restricted (at least 2 complete occasions)","Class 1","High Maternal Absence, Low SES",4,278,0.0143884892086331,FALSE
"Joint Maternal Absence + Household Socioeconomic Status","JMAES","time_6_12","Middle-late childhood (6-12 years)","Unrestricted vs Restricted (at least 2 complete occasions)","Restricted (at least 2 complete occasions)","Class 1","Low Maternal Absence, Higher SES",192,278,0.690647482014389,FALSE
"Joint Maternal Absence + Household Socioeconomic Status","JMAES","time_6_12","Middle-late childhood (6-12 years)","Unrestricted vs Restricted (at least 2 complete occasions)","Restricted (at least 2 complete occasions)","Class 1","Low Maternal Absence, Low SES",82,278,0.294964028776978,FALSE
"Joint Maternal Absence + Household Socioeconomic Status","JMAES","time_6_12","Middle-late childhood (6-12 years)","Unrestricted vs Restricted (at least 2 complete occasions)","Restricted (at least 2 complete occasions)","Class 2","High Maternal Absence, Low SES",4,326,0.0122699386503067,FALSE
"Joint Maternal Absence + Household Socioeconomic Status","JMAES","time_6_12","Middle-late childhood (6-12 years)","Unrestricted vs Restricted (at least 2 complete occasions)","Restricted (at least 2 complete occasions)","Class 2","Low Maternal Absence, Low SES",322,326,0.987730061349693,FALSE
"Joint Maternal Absence + Household Socioeconomic Status","JMAES","time_6_12","Middle-late childhood (6-12 years)","Unrestricted vs Restricted (at least 2 complete occasions)","Restricted (at least 2 complete occasions)","Class 3","High Maternal Absence, Improving SES",29,203,0.142857142857143,FALSE
"Joint Maternal Absence + Household Socioeconomic Status","JMAES","time_6_12","Middle-late childhood (6-12 years)","Unrestricted vs Restricted (at least 2 complete occasions)","Restricted (at least 2 complete occasions)","Class 3","High Maternal Absence, Low SES",21,203,0.103448275862069,FALSE
"Joint Maternal Absence + Household Socioeconomic Status","JMAES","time_6_12","Middle-late childhood (6-12 years)","Unrestricted vs Restricted (at least 2 complete occasions)","Restricted (at least 2 complete occasions)","Class 3","Low Maternal Absence, Higher SES",6,203,0.0295566502463054,FALSE
"Joint Maternal Absence + Household Socioeconomic Status","JMAES","time_6_12","Middle-late childhood (6-12 years)","Unrestricted vs Restricted (at least 2 complete occasions)","Restricted (at least 2 complete occasions)","Class 3","Low Maternal Absence, Improving SES",69,203,0.339901477832512,FALSE
"Joint Maternal Absence + Household Socioeconomic Status","JMAES","time_6_12","Middle-late childhood (6-12 years)","Unrestricted vs Restricted (at least 2 complete occasions)","Restricted (at least 2 complete occasions)","Class 3","Low Maternal Absence, Low SES",78,203,0.38423645320197,FALSE
"Joint Maternal Absence + Household Socioeconomic Status","JMAES","time_6_12","Middle-late childhood (6-12 years)","Unrestricted vs Restricted (at least 2 complete occasions)","Restricted (at least 2 complete occasions)","Class 4","High Maternal Absence, Improving SES",15,896,0.0167410714285714,FALSE
"Joint Maternal Absence + Household Socioeconomic Status","JMAES","time_6_12","Middle-late childhood (6-12 years)","Unrestricted vs Restricted (at least 2 complete occasions)","Restricted (at least 2 complete occasions)","Class 4","High Maternal Absence, Low SES",1,896,0.00111607142857143,FALSE
"Joint Maternal Absence + Household Socioeconomic Status","JMAES","time_6_12","Middle-late childhood (6-12 years)","Unrestricted vs Restricted (at least 2 complete occasions)","Restricted (at least 2 complete occasions)","Class 4","Low Maternal Absence, Improving SES",880,896,0.982142857142857,FALSE
"Joint Maternal Absence + Household Socioeconomic Status","JMAES","time_6_12","Middle-late childhood (6-12 years)","Unrestricted vs Restricted (at least 2 complete occasions)","Restricted (at least 2 complete occasions)","Class 5","High Maternal Absence, Improving SES",3,254,0.0118110236220472,FALSE
"Joint Maternal Absence + Household Socioeconomic Status","JMAES","time_6_12","Middle-late childhood (6-12 years)","Unrestricted vs Restricted (at least 2 complete occasions)","Restricted (at least 2 complete occasions)","Class 5","High Maternal Absence, Low SES",239,254,0.940944881889764,FALSE
"Joint Maternal Absence + Household Socioeconomic Status","JMAES","time_6_12","Middle-late childhood (6-12 years)","Unrestricted vs Restricted (at least 2 complete occasions)","Restricted (at least 2 complete occasions)","Class 5","Low Maternal Absence, Higher SES",8,254,0.031496062992126,FALSE
"Joint Maternal Absence + Household Socioeconomic Status","JMAES","time_6_12","Middle-late childhood (6-12 years)","Unrestricted vs Restricted (at least 2 complete occasions)","Restricted (at least 2 complete occasions)","Class 5","Low Maternal Absence, Improving SES",2,254,0.0078740157480315,FALSE
"Joint Maternal Absence + Household Socioeconomic Status","JMAES","time_6_12","Middle-late childhood (6-12 years)","Unrestricted vs Restricted (at least 2 complete occasions)","Restricted (at least 2 complete occasions)","Class 5","Low Maternal Absence, Low SES",2,254,0.0078740157480315,FALSE
"Joint Maternal Absence + Household Socioeconomic Status","JMAES","time_6_12","Middle-late childhood (6-12 years)","Unrestricted vs Restricted (at least 2 complete occasions)","Restricted (at least 2 complete occasions)","Class 6","Rising Maternal Absence, Improving SES",601,601,1,FALSE
"Joint Maternal Absence + Household Socioeconomic Status","JMAES","time_6_12","Middle-late childhood (6-12 years)","Unrestricted vs Restricted (at least 2 complete occasions)","Restricted (at least 2 complete occasions)","Class 7","High Maternal Absence, Improving SES",845,858,0.984848484848485,FALSE
"Joint Maternal Absence + Household Socioeconomic Status","JMAES","time_6_12","Middle-late childhood (6-12 years)","Unrestricted vs Restricted (at least 2 complete occasions)","Restricted (at least 2 complete occasions)","Class 7","Low Maternal Absence, Improving SES",2,858,0.00233100233100233,FALSE
"Joint Maternal Absence + Household Socioeconomic Status","JMAES","time_6_12","Middle-late childhood (6-12 years)","Unrestricted vs Restricted (at least 2 complete occasions)","Restricted (at least 2 complete occasions)","Class 7","Rising Maternal Absence, Improving SES",11,858,0.0128205128205128,FALSE
"Joint Maternal Absence + Household Socioeconomic Status","JMAES","time_6_12","Middle-late childhood (6-12 years)","Unrestricted vs Restricted (at least 2 complete occasions)","Restricted (at least 2 complete occasions)","Class 8","High Maternal Absence, Improving SES",2,303,0.0066006600660066,FALSE
"Joint Maternal Absence + Household Socioeconomic Status","JMAES","time_6_12","Middle-late childhood (6-12 years)","Unrestricted vs Restricted (at least 2 complete occasions)","Restricted (at least 2 complete occasions)","Class 8","High Maternal Absence, Low SES",1,303,0.0033003300330033,FALSE
"Joint Maternal Absence + Household Socioeconomic Status","JMAES","time_6_12","Middle-late childhood (6-12 years)","Unrestricted vs Restricted (at least 2 complete occasions)","Restricted (at least 2 complete occasions)","Class 8","Low Maternal Absence, Higher SES",274,303,0.904290429042904,FALSE
"Joint Maternal Absence + Household Socioeconomic Status","JMAES","time_6_12","Middle-late childhood (6-12 years)","Unrestricted vs Restricted (at least 2 complete occasions)","Restricted (at least 2 complete occasions)","Class 8","Rising Maternal Absence, Improving SES",26,303,0.0858085808580858,FALSE
"Joint Maternal Absence + Household Socioeconomic Status","JMAES","time_6_12","Middle-late childhood (6-12 years)","Unrestricted vs Stricter restricted (at least 3 complete occasions)","Stricter restricted (at least 3 complete occasions)","Class 1","Class 5",263,263,1,FALSE
"Joint Maternal Absence + Household Socioeconomic Status","JMAES","time_6_12","Middle-late childhood (6-12 years)","Unrestricted vs Stricter restricted (at least 3 complete occasions)","Stricter restricted (at least 3 complete occasions)","Class 2","Class 2",1,302,0.0033112582781457,TRUE
"Joint Maternal Absence + Household Socioeconomic Status","JMAES","time_6_12","Middle-late childhood (6-12 years)","Unrestricted vs Stricter restricted (at least 3 complete occasions)","Stricter restricted (at least 3 complete occasions)","Class 2","Class 8",301,302,0.996688741721854,FALSE
"Joint Maternal Absence + Household Socioeconomic Status","JMAES","time_6_12","Middle-late childhood (6-12 years)","Unrestricted vs Stricter restricted (at least 3 complete occasions)","Stricter restricted (at least 3 complete occasions)","Class 3","Class 2",181,184,0.983695652173913,FALSE
"Joint Maternal Absence + Household Socioeconomic Status","JMAES","time_6_12","Middle-late childhood (6-12 years)","Unrestricted vs Stricter restricted (at least 3 complete occasions)","Stricter restricted (at least 3 complete occasions)","Class 3","Class 8",3,184,0.016304347826087,FALSE
"Joint Maternal Absence + Household Socioeconomic Status","JMAES","time_6_12","Middle-late childhood (6-12 years)","Unrestricted vs Stricter restricted (at least 3 complete occasions)","Stricter restricted (at least 3 complete occasions)","Class 4","Class 1",2,824,0.00242718446601942,FALSE
"Joint Maternal Absence + Household Socioeconomic Status","JMAES","time_6_12","Middle-late childhood (6-12 years)","Unrestricted vs Stricter restricted (at least 3 complete occasions)","Stricter restricted (at least 3 complete occasions)","Class 4","Class 2",1,824,0.00121359223300971,FALSE
"Joint Maternal Absence + Household Socioeconomic Status","JMAES","time_6_12","Middle-late childhood (6-12 years)","Unrestricted vs Stricter restricted (at least 3 complete occasions)","Stricter restricted (at least 3 complete occasions)","Class 4","Class 6",821,824,0.996359223300971,FALSE
"Joint Maternal Absence + Household Socioeconomic Status","JMAES","time_6_12","Middle-late childhood (6-12 years)","Unrestricted vs Stricter restricted (at least 3 complete occasions)","Stricter restricted (at least 3 complete occasions)","Class 5","Class 4",236,239,0.98744769874477,FALSE
"Joint Maternal Absence + Household Socioeconomic Status","JMAES","time_6_12","Middle-late childhood (6-12 years)","Unrestricted vs Stricter restricted (at least 3 complete occasions)","Stricter restricted (at least 3 complete occasions)","Class 5","Class 5",1,239,0.00418410041841004,TRUE
"Joint Maternal Absence + Household Socioeconomic Status","JMAES","time_6_12","Middle-late childhood (6-12 years)","Unrestricted vs Stricter restricted (at least 3 complete occasions)","Stricter restricted (at least 3 complete occasions)","Class 5","Class 7",1,239,0.00418410041841004,FALSE
"Joint Maternal Absence + Household Socioeconomic Status","JMAES","time_6_12","Middle-late childhood (6-12 years)","Unrestricted vs Stricter restricted (at least 3 complete occasions)","Stricter restricted (at least 3 complete occasions)","Class 5","Class 8",1,239,0.00418410041841004,FALSE
"Joint Maternal Absence + Household Socioeconomic Status","JMAES","time_6_12","Middle-late childhood (6-12 years)","Unrestricted vs Stricter restricted (at least 3 complete occasions)","Stricter restricted (at least 3 complete occasions)","Class 6","Class 1",1,572,0.00174825174825175,FALSE
"Joint Maternal Absence + Household Socioeconomic Status","JMAES","time_6_12","Middle-late childhood (6-12 years)","Unrestricted vs Stricter restricted (at least 3 complete occasions)","Stricter restricted (at least 3 complete occasions)","Class 6","Class 3",571,572,0.998251748251748,FALSE
"Joint Maternal Absence + Household Socioeconomic Status","JMAES","time_6_12","Middle-late childhood (6-12 years)","Unrestricted vs Stricter restricted (at least 3 complete occasions)","Stricter restricted (at least 3 complete occasions)","Class 7","Class 1",803,806,0.996277915632754,FALSE
"Joint Maternal Absence + Household Socioeconomic Status","JMAES","time_6_12","Middle-late childhood (6-12 years)","Unrestricted vs Stricter restricted (at least 3 complete occasions)","Stricter restricted (at least 3 complete occasions)","Class 7","Class 2",1,806,0.00124069478908189,FALSE
"Joint Maternal Absence + Household Socioeconomic Status","JMAES","time_6_12","Middle-late childhood (6-12 years)","Unrestricted vs Stricter restricted (at least 3 complete occasions)","Stricter restricted (at least 3 complete occasions)","Class 7","Class 6",2,806,0.00248138957816377,FALSE
"Joint Maternal Absence + Household Socioeconomic Status","JMAES","time_6_12","Middle-late childhood (6-12 years)","Unrestricted vs Stricter restricted (at least 3 complete occasions)","Stricter restricted (at least 3 complete occasions)","Class 8","Class 5",1,288,0.00347222222222222,FALSE
"Joint Maternal Absence + Household Socioeconomic Status","JMAES","time_6_12","Middle-late childhood (6-12 years)","Unrestricted vs Stricter restricted (at least 3 complete occasions)","Stricter restricted (at least 3 complete occasions)","Class 8","Class 7",287,288,0.996527777777778,FALSE
