"Window","Scenario","LatentClass","Class","Harmonized_Family_ID","Display_Label","Adversity_Order","Retained_Reference_Class","Mapping_Status","Mapping_Basis","Color_Name","Color_Hex"
"time_0_5","Stricter restricted (>=3 complete occasions)",2,"Class 2","EC1","Low Maternal Absence, Improving SES",1,"Class 2","Primary retained class","Reference class retained in the stricter branch (Class 2).","improvement-teal-alt","#009E73"
"time_0_5","Stricter restricted (>=3 complete occasions)",3,"Class 3","EC2","Low Maternal Absence, Low SES",2,"Class 3","Primary retained class","Reference class retained in the stricter branch (Class 3).","persistent-moderate-rose-alt","#CC79A7"
"time_0_5","Stricter restricted (>=3 complete occasions)",5,"Class 5","EC3","Rising Maternal Absence, Improving SES",3,"Class 5","Primary retained class","Reference class retained in the stricter branch (Class 5).","rising-adversity-coral-alt","#F46D43"
"time_0_5","Stricter restricted (>=3 complete occasions)",1,"Class 1","EC4","Rising Maternal Absence, Low SES",4,"Class 1","Primary retained class","Reference class retained in the stricter branch (Class 1).","onset-orange-red-alt","#D55E00"
"time_0_5","Stricter restricted (>=3 complete occasions)",4,"Class 4","EC5","High Maternal Absence, Low SES",5,"Class 4","Primary retained class","Reference class retained in the stricter branch (Class 4).","chronic-dual-adversity-burgundy-alt","#7F0000"
"time_0_5","Restricted (>=3 occasions)",4,"Class 4","EC1","Low Maternal Absence, Improving SES",1,"Class 2","Sensitivity mapping","Mapped to stricter branch Class 2.","improvement-teal-alt","#009E73"
"time_0_5","Restricted (>=3 occasions)",1,"Class 1","EC2","Low Maternal Absence, Low SES",2,"Class 3","Sensitivity mapping","Mapped to stricter branch Class 3.","persistent-moderate-rose-alt","#CC79A7"
"time_0_5","Restricted (>=3 occasions)",2,"Class 2","EC4","Rising Maternal Absence, Low SES",4,"Class 1","Sensitivity mapping","Mapped to stricter branch Class 1.","onset-orange-red-alt","#D55E00"
"time_0_5","Restricted (>=3 occasions)",3,"Class 3","EC5","High Maternal Absence, Low SES",5,"Class 4","Sensitivity mapping","Mapped to stricter branch Class 4.","chronic-dual-adversity-burgundy-alt","#7F0000"
"time_0_5","Unrestricted",3,"Class 3","EC1","Low Maternal Absence, Improving SES",1,"Class 2","Sensitivity mapping","Mapped to stricter branch Class 2.","improvement-teal-alt","#009E73"
"time_0_5","Unrestricted",4,"Class 4","EC2","Low Maternal Absence, Low SES",2,"Class 3","Sensitivity mapping","Mapped to stricter branch Class 3.","persistent-moderate-rose-alt","#CC79A7"
"time_0_5","Unrestricted",1,"Class 1","EC4","Rising Maternal Absence, Low SES",4,"Class 1","Sensitivity mapping","Mapped to stricter branch Class 1.","onset-orange-red-alt","#D55E00"
"time_0_5","Unrestricted",2,"Class 2","EC5","High Maternal Absence, Low SES",5,"Class 4","Sensitivity mapping","Mapped to stricter branch Class 4.","chronic-dual-adversity-burgundy-alt","#7F0000"
"time_6_12","Stricter restricted (>=3 complete occasions)",6,"Class 6","ML1","Low Maternal Absence, Higher SES",1,"Class 6","Primary retained class","Reference class retained in the stricter branch (Class 6).","stable-gray-alt","#D9D9D9"
"time_6_12","Stricter restricted (>=3 complete occasions)",7,"Class 7","ML2","Low Maternal Absence, Improving SES",2,"Class 7","Primary retained class","Reference class retained in the stricter branch (Class 7).","improvement-teal-alt","#009E73"
"time_6_12","Stricter restricted (>=3 complete occasions)",2,"Class 2","ML3","Low Maternal Absence, Low SES",3,"Class 2","Primary retained class","Reference class retained in the stricter branch (Class 2).","persistent-moderate-rose-alt","#CC79A7"
"time_6_12","Stricter restricted (>=3 complete occasions)",4,"Class 4","ML4","Decreasing Maternal Absence, Low SES",4,"Class 4","Primary retained class","Reference class retained in the stricter branch (Class 4).","partial-improvement-blue-alt","#0072B2"
"time_6_12","Stricter restricted (>=3 complete occasions)",1,"Class 1","ML5","Rising Maternal Absence, Improving SES",5,"Class 1","Primary retained class","Reference class retained in the stricter branch (Class 1).","rising-adversity-coral-alt","#F46D43"
"time_6_12","Stricter restricted (>=3 complete occasions)",3,"Class 3","ML6","High Maternal Absence, Improving SES",6,"Class 3","Primary retained class","Reference class retained in the stricter branch (Class 3).","stable-high-adversity-red-alt","#D73027"
"time_6_12","Stricter restricted (>=3 complete occasions)",5,"Class 5","ML7","High Maternal Absence, Low SES",7,"Class 5","Primary retained class","Reference class retained in the stricter branch (Class 5).","chronic-dual-adversity-burgundy-alt","#7F0000"
"time_6_12","Restricted (>=3 occasions)",3,"Class 3","ML1","Low Maternal Absence, Higher SES",1,"Class 6","Sensitivity mapping","Mapped to stricter branch Class 6.","stable-gray-alt","#D9D9D9"
"time_6_12","Restricted (>=3 occasions)",4,"Class 4","ML2","Low Maternal Absence, Improving SES",2,"Class 7","Sensitivity mapping","Mapped to stricter branch Class 7.","improvement-teal-alt","#009E73"
"time_6_12","Restricted (>=3 occasions)",5,"Class 5","ML3","Low Maternal Absence, Low SES",3,"Class 2","Sensitivity mapping","Mapped to stricter branch Class 2.","persistent-moderate-rose-alt","#CC79A7"
"time_6_12","Restricted (>=3 occasions)",1,"Class 1","ML5","Rising Maternal Absence, Improving SES",5,"Class 1","Sensitivity mapping","Mapped to stricter branch Class 1.","rising-adversity-coral-alt","#F46D43"
"time_6_12","Restricted (>=3 occasions)",2,"Class 2","ML6","High Maternal Absence, Improving SES",6,"Class 3","Sensitivity mapping","Mapped to stricter branch Class 3.","stable-high-adversity-red-alt","#D73027"
"time_6_12","Restricted (>=3 occasions)",6,"Class 6","ML7","High Maternal Absence, Low SES",7,"Class 5","Sensitivity mapping","Mapped to stricter branch Class 5.","chronic-dual-adversity-burgundy-alt","#7F0000"
"time_6_12","Unrestricted",4,"Class 4","ML1","Low Maternal Absence, Higher SES",1,"Class 6","Sensitivity mapping","Mapped to stricter branch Class 6.","stable-gray-alt","#D9D9D9"
"time_6_12","Unrestricted",5,"Class 5","ML2","Low Maternal Absence, Improving SES",2,"Class 7","Sensitivity mapping","Mapped to stricter branch Class 7.","improvement-teal-alt","#009E73"
"time_6_12","Unrestricted",6,"Class 6","ML3","Low Maternal Absence, Low SES",3,"Class 2","Sensitivity mapping","Mapped to stricter branch Class 2.","persistent-moderate-rose-alt","#CC79A7"
"time_6_12","Unrestricted",2,"Class 2","ML5","Rising Maternal Absence, Improving SES",5,"Class 1","Sensitivity mapping","Mapped to stricter branch Class 1.","rising-adversity-coral-alt","#F46D43"
"time_6_12","Unrestricted",3,"Class 3","ML6","High Maternal Absence, Improving SES",6,"Class 3","Sensitivity mapping","Mapped to stricter branch Class 3.","stable-high-adversity-red-alt","#D73027"
"time_6_12","Unrestricted",1,"Class 1","ML7","High Maternal Absence, Low SES",7,"Class 5","Sensitivity mapping","Mapped to stricter branch Class 5.","chronic-dual-adversity-burgundy-alt","#7F0000"
