"Analysis","Spec","Window","WindowLabel","Condition","ClassLabel","NClass","Variable","VariableLabel","Role","VariableOrder","NNonMissing","NEvent","Prevalence","MeanTopPosterior"
"Univariate Lived Without Mother","ULWOM","time_0_5","Early childhood (0-5 years)","Restricted (at least 3 waves)","Early Peak, Declining Maternal Absence",260,"DNKA","Alcohol use","Mediator",2,260,85,0.326923076923077,0.866673076923077
"Univariate Lived Without Mother","ULWOM","time_0_5","Early childhood (0-5 years)","Restricted (at least 3 waves)","Early Peak, Declining Maternal Absence",260,"DPBN","Depression","Outcome",1,260,17,0.0653846153846154,0.866673076923077
"Univariate Lived Without Mother","ULWOM","time_0_5","Early childhood (0-5 years)","Restricted (at least 3 waves)","Early Peak, Declining Maternal Absence",260,"ESXC","Ever had sexual intercourse","Mediator",3,259,106,0.409266409266409,0.866673076923077
"Univariate Lived Without Mother","ULWOM","time_0_5","Early childhood (0-5 years)","Restricted (at least 3 waves)","Early Peak, Declining Maternal Absence",260,"FDSC","Food insecurity","Mediator",4,260,71,0.273076923076923,0.866673076923077
"Univariate Lived Without Mother","ULWOM","time_0_5","Early childhood (0-5 years)","Restricted (at least 3 waves)","Early Peak, Declining Maternal Absence",260,"GOVG","No government grant receipt","Mediator",5,260,146,0.561538461538462,0.866673076923077
"Univariate Lived Without Mother","ULWOM","time_0_5","Early childhood (0-5 years)","Restricted (at least 3 waves)","Early Peak, Declining Maternal Absence",260,"SCHL","School disengagement","Mediator",8,260,55,0.211538461538462,0.866673076923077
"Univariate Lived Without Mother","ULWOM","time_0_5","Early childhood (0-5 years)","Restricted (at least 3 waves)","Early Peak, Declining Maternal Absence",260,"SCSP","Low social support","Mediator",7,260,23,0.0884615384615385,0.866673076923077
"Univariate Lived Without Mother","ULWOM","time_0_5","Early childhood (0-5 years)","Restricted (at least 3 waves)","Early Peak, Declining Maternal Absence",260,"VLNC","Violence exposure","Mediator",6,260,83,0.319230769230769,0.866673076923077
"Univariate Lived Without Mother","ULWOM","time_0_5","Early childhood (0-5 years)","Restricted (at least 3 waves)","Late-Onset Maternal Absence",344,"DNKA","Alcohol use","Mediator",2,344,124,0.36046511627907,0.925279069767442
"Univariate Lived Without Mother","ULWOM","time_0_5","Early childhood (0-5 years)","Restricted (at least 3 waves)","Late-Onset Maternal Absence",344,"DPBN","Depression","Outcome",1,344,13,0.0377906976744186,0.925279069767442
"Univariate Lived Without Mother","ULWOM","time_0_5","Early childhood (0-5 years)","Restricted (at least 3 waves)","Late-Onset Maternal Absence",344,"ESXC","Ever had sexual intercourse","Mediator",3,337,109,0.323442136498516,0.925279069767442
"Univariate Lived Without Mother","ULWOM","time_0_5","Early childhood (0-5 years)","Restricted (at least 3 waves)","Late-Onset Maternal Absence",344,"FDSC","Food insecurity","Mediator",4,344,77,0.223837209302326,0.925279069767442
"Univariate Lived Without Mother","ULWOM","time_0_5","Early childhood (0-5 years)","Restricted (at least 3 waves)","Late-Onset Maternal Absence",344,"GOVG","No government grant receipt","Mediator",5,344,183,0.531976744186046,0.925279069767442
"Univariate Lived Without Mother","ULWOM","time_0_5","Early childhood (0-5 years)","Restricted (at least 3 waves)","Late-Onset Maternal Absence",344,"SCHL","School disengagement","Mediator",8,344,49,0.142441860465116,0.925279069767442
"Univariate Lived Without Mother","ULWOM","time_0_5","Early childhood (0-5 years)","Restricted (at least 3 waves)","Late-Onset Maternal Absence",344,"SCSP","Low social support","Mediator",7,344,41,0.119186046511628,0.925279069767442
"Univariate Lived Without Mother","ULWOM","time_0_5","Early childhood (0-5 years)","Restricted (at least 3 waves)","Late-Onset Maternal Absence",344,"VLNC","Violence exposure","Mediator",6,344,116,0.337209302325581,0.925279069767442
"Univariate Lived Without Mother","ULWOM","time_0_5","Early childhood (0-5 years)","Restricted (at least 3 waves)","Stable High Maternal Absence",387,"DNKA","Alcohol use","Mediator",2,387,162,0.418604651162791,0.857702842377261
"Univariate Lived Without Mother","ULWOM","time_0_5","Early childhood (0-5 years)","Restricted (at least 3 waves)","Stable High Maternal Absence",387,"DPBN","Depression","Outcome",1,381,27,0.0708661417322835,0.857702842377261
"Univariate Lived Without Mother","ULWOM","time_0_5","Early childhood (0-5 years)","Restricted (at least 3 waves)","Stable High Maternal Absence",387,"ESXC","Ever had sexual intercourse","Mediator",3,373,170,0.455764075067024,0.857702842377261
"Univariate Lived Without Mother","ULWOM","time_0_5","Early childhood (0-5 years)","Restricted (at least 3 waves)","Stable High Maternal Absence",387,"FDSC","Food insecurity","Mediator",4,387,114,0.294573643410853,0.857702842377261
"Univariate Lived Without Mother","ULWOM","time_0_5","Early childhood (0-5 years)","Restricted (at least 3 waves)","Stable High Maternal Absence",387,"GOVG","No government grant receipt","Mediator",5,387,239,0.617571059431525,0.857702842377261
"Univariate Lived Without Mother","ULWOM","time_0_5","Early childhood (0-5 years)","Restricted (at least 3 waves)","Stable High Maternal Absence",387,"SCHL","School disengagement","Mediator",8,387,87,0.224806201550388,0.857702842377261
"Univariate Lived Without Mother","ULWOM","time_0_5","Early childhood (0-5 years)","Restricted (at least 3 waves)","Stable High Maternal Absence",387,"SCSP","Low social support","Mediator",7,386,34,0.0880829015544041,0.857702842377261
"Univariate Lived Without Mother","ULWOM","time_0_5","Early childhood (0-5 years)","Restricted (at least 3 waves)","Stable High Maternal Absence",387,"VLNC","Violence exposure","Mediator",6,387,132,0.341085271317829,0.857702842377261
"Univariate Lived Without Mother","ULWOM","time_0_5","Early childhood (0-5 years)","Restricted (at least 3 waves)","Stable Low Maternal Absence",2370,"DNKA","Alcohol use","Mediator",2,2370,819,0.345569620253165,0.965505063291139
"Univariate Lived Without Mother","ULWOM","time_0_5","Early childhood (0-5 years)","Restricted (at least 3 waves)","Stable Low Maternal Absence",2370,"DPBN","Depression","Outcome",1,2365,103,0.0435517970401691,0.965505063291139
"Univariate Lived Without Mother","ULWOM","time_0_5","Early childhood (0-5 years)","Restricted (at least 3 waves)","Stable Low Maternal Absence",2370,"ESXC","Ever had sexual intercourse","Mediator",3,2333,943,0.404200600085727,0.965505063291139
"Univariate Lived Without Mother","ULWOM","time_0_5","Early childhood (0-5 years)","Restricted (at least 3 waves)","Stable Low Maternal Absence",2370,"FDSC","Food insecurity","Mediator",4,2370,657,0.277215189873418,0.965505063291139
"Univariate Lived Without Mother","ULWOM","time_0_5","Early childhood (0-5 years)","Restricted (at least 3 waves)","Stable Low Maternal Absence",2370,"GOVG","No government grant receipt","Mediator",5,2370,1391,0.586919831223629,0.965505063291139
"Univariate Lived Without Mother","ULWOM","time_0_5","Early childhood (0-5 years)","Restricted (at least 3 waves)","Stable Low Maternal Absence",2370,"SCHL","School disengagement","Mediator",8,2370,524,0.221097046413502,0.965505063291139
"Univariate Lived Without Mother","ULWOM","time_0_5","Early childhood (0-5 years)","Restricted (at least 3 waves)","Stable Low Maternal Absence",2370,"SCSP","Low social support","Mediator",7,2370,235,0.0991561181434599,0.965505063291139
"Univariate Lived Without Mother","ULWOM","time_0_5","Early childhood (0-5 years)","Restricted (at least 3 waves)","Stable Low Maternal Absence",2370,"VLNC","Violence exposure","Mediator",6,2370,753,0.317721518987342,0.965505063291139
"Univariate Lived Without Mother","ULWOM","time_0_5","Early childhood (0-5 years)","Unrestricted","Early Peak, Declining Maternal Absence",274,"DNKA","Alcohol use","Mediator",2,274,90,0.328467153284672,0.8475
"Univariate Lived Without Mother","ULWOM","time_0_5","Early childhood (0-5 years)","Unrestricted","Early Peak, Declining Maternal Absence",274,"DPBN","Depression","Outcome",1,274,19,0.0693430656934307,0.8475
"Univariate Lived Without Mother","ULWOM","time_0_5","Early childhood (0-5 years)","Unrestricted","Early Peak, Declining Maternal Absence",274,"ESXC","Ever had sexual intercourse","Mediator",3,273,113,0.413919413919414,0.8475
"Univariate Lived Without Mother","ULWOM","time_0_5","Early childhood (0-5 years)","Unrestricted","Early Peak, Declining Maternal Absence",274,"FDSC","Food insecurity","Mediator",4,274,76,0.277372262773723,0.8475
"Univariate Lived Without Mother","ULWOM","time_0_5","Early childhood (0-5 years)","Unrestricted","Early Peak, Declining Maternal Absence",274,"GOVG","No government grant receipt","Mediator",5,274,152,0.554744525547445,0.8475
"Univariate Lived Without Mother","ULWOM","time_0_5","Early childhood (0-5 years)","Unrestricted","Early Peak, Declining Maternal Absence",274,"SCHL","School disengagement","Mediator",8,274,62,0.226277372262774,0.8475
"Univariate Lived Without Mother","ULWOM","time_0_5","Early childhood (0-5 years)","Unrestricted","Early Peak, Declining Maternal Absence",274,"SCSP","Low social support","Mediator",7,274,25,0.0912408759124088,0.8475
"Univariate Lived Without Mother","ULWOM","time_0_5","Early childhood (0-5 years)","Unrestricted","Early Peak, Declining Maternal Absence",274,"VLNC","Violence exposure","Mediator",6,274,87,0.317518248175182,0.8475
"Univariate Lived Without Mother","ULWOM","time_0_5","Early childhood (0-5 years)","Unrestricted","Late-Onset Maternal Absence",475,"DNKA","Alcohol use","Mediator",2,475,173,0.36421052631579,0.800987368421053
"Univariate Lived Without Mother","ULWOM","time_0_5","Early childhood (0-5 years)","Unrestricted","Late-Onset Maternal Absence",475,"DPBN","Depression","Outcome",1,464,26,0.0560344827586207,0.800987368421053
"Univariate Lived Without Mother","ULWOM","time_0_5","Early childhood (0-5 years)","Unrestricted","Late-Onset Maternal Absence",475,"ESXC","Ever had sexual intercourse","Mediator",3,459,201,0.437908496732026,0.800987368421053
"Univariate Lived Without Mother","ULWOM","time_0_5","Early childhood (0-5 years)","Unrestricted","Late-Onset Maternal Absence",475,"FDSC","Food insecurity","Mediator",4,475,112,0.235789473684211,0.800987368421053
"Univariate Lived Without Mother","ULWOM","time_0_5","Early childhood (0-5 years)","Unrestricted","Late-Onset Maternal Absence",475,"GOVG","No government grant receipt","Mediator",5,475,278,0.585263157894737,0.800987368421053
"Univariate Lived Without Mother","ULWOM","time_0_5","Early childhood (0-5 years)","Unrestricted","Late-Onset Maternal Absence",475,"SCHL","School disengagement","Mediator",8,475,136,0.286315789473684,0.800987368421053
"Univariate Lived Without Mother","ULWOM","time_0_5","Early childhood (0-5 years)","Unrestricted","Late-Onset Maternal Absence",475,"SCSP","Low social support","Mediator",7,475,49,0.103157894736842,0.800987368421053
"Univariate Lived Without Mother","ULWOM","time_0_5","Early childhood (0-5 years)","Unrestricted","Late-Onset Maternal Absence",475,"VLNC","Violence exposure","Mediator",6,475,148,0.311578947368421,0.800987368421053
"Univariate Lived Without Mother","ULWOM","time_0_5","Early childhood (0-5 years)","Unrestricted","Stable High Maternal Absence",409,"DNKA","Alcohol use","Mediator",2,409,167,0.408312958435208,0.846987775061125
"Univariate Lived Without Mother","ULWOM","time_0_5","Early childhood (0-5 years)","Unrestricted","Stable High Maternal Absence",409,"DPBN","Depression","Outcome",1,402,28,0.0696517412935323,0.846987775061125
"Univariate Lived Without Mother","ULWOM","time_0_5","Early childhood (0-5 years)","Unrestricted","Stable High Maternal Absence",409,"ESXC","Ever had sexual intercourse","Mediator",3,394,178,0.451776649746193,0.846987775061125
"Univariate Lived Without Mother","ULWOM","time_0_5","Early childhood (0-5 years)","Unrestricted","Stable High Maternal Absence",409,"FDSC","Food insecurity","Mediator",4,409,116,0.28361858190709,0.846987775061125
"Univariate Lived Without Mother","ULWOM","time_0_5","Early childhood (0-5 years)","Unrestricted","Stable High Maternal Absence",409,"GOVG","No government grant receipt","Mediator",5,409,253,0.618581907090465,0.846987775061125
"Univariate Lived Without Mother","ULWOM","time_0_5","Early childhood (0-5 years)","Unrestricted","Stable High Maternal Absence",409,"SCHL","School disengagement","Mediator",8,409,92,0.224938875305623,0.846987775061125
"Univariate Lived Without Mother","ULWOM","time_0_5","Early childhood (0-5 years)","Unrestricted","Stable High Maternal Absence",409,"SCSP","Low social support","Mediator",7,408,37,0.0906862745098039,0.846987775061125
"Univariate Lived Without Mother","ULWOM","time_0_5","Early childhood (0-5 years)","Unrestricted","Stable High Maternal Absence",409,"VLNC","Violence exposure","Mediator",6,409,141,0.344743276283619,0.846987775061125
"Univariate Lived Without Mother","ULWOM","time_0_5","Early childhood (0-5 years)","Unrestricted","Stable Low Maternal Absence",2793,"DNKA","Alcohol use","Mediator",2,2793,977,0.349803079126387,0.952896885069817
"Univariate Lived Without Mother","ULWOM","time_0_5","Early childhood (0-5 years)","Unrestricted","Stable Low Maternal Absence",2793,"DPBN","Depression","Outcome",1,2778,160,0.0575953923686105,0.952896885069817
"Univariate Lived Without Mother","ULWOM","time_0_5","Early childhood (0-5 years)","Unrestricted","Stable Low Maternal Absence",2793,"ESXC","Ever had sexual intercourse","Mediator",3,2738,1226,0.447772096420745,0.952896885069817
"Univariate Lived Without Mother","ULWOM","time_0_5","Early childhood (0-5 years)","Unrestricted","Stable Low Maternal Absence",2793,"FDSC","Food insecurity","Mediator",4,2793,801,0.286788399570354,0.952896885069817
"Univariate Lived Without Mother","ULWOM","time_0_5","Early childhood (0-5 years)","Unrestricted","Stable Low Maternal Absence",2793,"GOVG","No government grant receipt","Mediator",5,2793,1687,0.604010025062657,0.952896885069817
"Univariate Lived Without Mother","ULWOM","time_0_5","Early childhood (0-5 years)","Unrestricted","Stable Low Maternal Absence",2793,"SCHL","School disengagement","Mediator",8,2793,767,0.274615109201575,0.952896885069817
"Univariate Lived Without Mother","ULWOM","time_0_5","Early childhood (0-5 years)","Unrestricted","Stable Low Maternal Absence",2793,"SCSP","Low social support","Mediator",7,2793,276,0.0988184747583244,0.952896885069817
"Univariate Lived Without Mother","ULWOM","time_0_5","Early childhood (0-5 years)","Unrestricted","Stable Low Maternal Absence",2793,"VLNC","Violence exposure","Mediator",6,2793,908,0.325098460436806,0.952896885069817
"Univariate Lived Without Mother","ULWOM","time_6_12","Middle-late childhood (6-12 years)","Restricted (at least 3 waves)","Declining Maternal Absence",355,"DNKA","Alcohol use","Mediator",2,355,142,0.4,0.900895774647887
"Univariate Lived Without Mother","ULWOM","time_6_12","Middle-late childhood (6-12 years)","Restricted (at least 3 waves)","Declining Maternal Absence",355,"DPBN","Depression","Outcome",1,352,22,0.0625,0.900895774647887
"Univariate Lived Without Mother","ULWOM","time_6_12","Middle-late childhood (6-12 years)","Restricted (at least 3 waves)","Declining Maternal Absence",355,"ESXC","Ever had sexual intercourse","Mediator",3,343,160,0.466472303206997,0.900895774647887
"Univariate Lived Without Mother","ULWOM","time_6_12","Middle-late childhood (6-12 years)","Restricted (at least 3 waves)","Declining Maternal Absence",355,"FDSC","Food insecurity","Mediator",4,355,114,0.32112676056338,0.900895774647887
"Univariate Lived Without Mother","ULWOM","time_6_12","Middle-late childhood (6-12 years)","Restricted (at least 3 waves)","Declining Maternal Absence",355,"GOVG","No government grant receipt","Mediator",5,355,215,0.605633802816901,0.900895774647887
"Univariate Lived Without Mother","ULWOM","time_6_12","Middle-late childhood (6-12 years)","Restricted (at least 3 waves)","Declining Maternal Absence",355,"SCHL","School disengagement","Mediator",8,355,87,0.245070422535211,0.900895774647887
"Univariate Lived Without Mother","ULWOM","time_6_12","Middle-late childhood (6-12 years)","Restricted (at least 3 waves)","Declining Maternal Absence",355,"SCSP","Low social support","Mediator",7,355,34,0.0957746478873239,0.900895774647887
"Univariate Lived Without Mother","ULWOM","time_6_12","Middle-late childhood (6-12 years)","Restricted (at least 3 waves)","Declining Maternal Absence",355,"VLNC","Violence exposure","Mediator",6,355,128,0.36056338028169,0.900895774647887
"Univariate Lived Without Mother","ULWOM","time_6_12","Middle-late childhood (6-12 years)","Restricted (at least 3 waves)","Late-Onset Maternal Absence",271,"DNKA","Alcohol use","Mediator",2,271,109,0.402214022140221,0.84719926199262
"Univariate Lived Without Mother","ULWOM","time_6_12","Middle-late childhood (6-12 years)","Restricted (at least 3 waves)","Late-Onset Maternal Absence",271,"DPBN","Depression","Outcome",1,265,17,0.0641509433962264,0.84719926199262
"Univariate Lived Without Mother","ULWOM","time_6_12","Middle-late childhood (6-12 years)","Restricted (at least 3 waves)","Late-Onset Maternal Absence",271,"ESXC","Ever had sexual intercourse","Mediator",3,264,128,0.484848484848485,0.84719926199262
"Univariate Lived Without Mother","ULWOM","time_6_12","Middle-late childhood (6-12 years)","Restricted (at least 3 waves)","Late-Onset Maternal Absence",271,"FDSC","Food insecurity","Mediator",4,271,76,0.280442804428044,0.84719926199262
"Univariate Lived Without Mother","ULWOM","time_6_12","Middle-late childhood (6-12 years)","Restricted (at least 3 waves)","Late-Onset Maternal Absence",271,"GOVG","No government grant receipt","Mediator",5,271,154,0.568265682656827,0.84719926199262
"Univariate Lived Without Mother","ULWOM","time_6_12","Middle-late childhood (6-12 years)","Restricted (at least 3 waves)","Late-Onset Maternal Absence",271,"SCHL","School disengagement","Mediator",8,271,83,0.306273062730627,0.84719926199262
"Univariate Lived Without Mother","ULWOM","time_6_12","Middle-late childhood (6-12 years)","Restricted (at least 3 waves)","Late-Onset Maternal Absence",271,"SCSP","Low social support","Mediator",7,271,24,0.0885608856088561,0.84719926199262
"Univariate Lived Without Mother","ULWOM","time_6_12","Middle-late childhood (6-12 years)","Restricted (at least 3 waves)","Late-Onset Maternal Absence",271,"VLNC","Violence exposure","Mediator",6,271,83,0.306273062730627,0.84719926199262
"Univariate Lived Without Mother","ULWOM","time_6_12","Middle-late childhood (6-12 years)","Restricted (at least 3 waves)","Mid-Childhood Onset Maternal Absence",249,"DNKA","Alcohol use","Mediator",2,249,91,0.365461847389558,0.881333333333333
"Univariate Lived Without Mother","ULWOM","time_6_12","Middle-late childhood (6-12 years)","Restricted (at least 3 waves)","Mid-Childhood Onset Maternal Absence",249,"DPBN","Depression","Outcome",1,247,18,0.0728744939271255,0.881333333333333
"Univariate Lived Without Mother","ULWOM","time_6_12","Middle-late childhood (6-12 years)","Restricted (at least 3 waves)","Mid-Childhood Onset Maternal Absence",249,"ESXC","Ever had sexual intercourse","Mediator",3,238,99,0.415966386554622,0.881333333333333
"Univariate Lived Without Mother","ULWOM","time_6_12","Middle-late childhood (6-12 years)","Restricted (at least 3 waves)","Mid-Childhood Onset Maternal Absence",249,"FDSC","Food insecurity","Mediator",4,249,74,0.29718875502008,0.881333333333333
"Univariate Lived Without Mother","ULWOM","time_6_12","Middle-late childhood (6-12 years)","Restricted (at least 3 waves)","Mid-Childhood Onset Maternal Absence",249,"GOVG","No government grant receipt","Mediator",5,249,142,0.570281124497992,0.881333333333333
"Univariate Lived Without Mother","ULWOM","time_6_12","Middle-late childhood (6-12 years)","Restricted (at least 3 waves)","Mid-Childhood Onset Maternal Absence",249,"SCHL","School disengagement","Mediator",8,249,72,0.289156626506024,0.881333333333333
"Univariate Lived Without Mother","ULWOM","time_6_12","Middle-late childhood (6-12 years)","Restricted (at least 3 waves)","Mid-Childhood Onset Maternal Absence",249,"SCSP","Low social support","Mediator",7,249,23,0.0923694779116466,0.881333333333333
"Univariate Lived Without Mother","ULWOM","time_6_12","Middle-late childhood (6-12 years)","Restricted (at least 3 waves)","Mid-Childhood Onset Maternal Absence",249,"VLNC","Violence exposure","Mediator",6,249,78,0.313253012048193,0.881333333333333
"Univariate Lived Without Mother","ULWOM","time_6_12","Middle-late childhood (6-12 years)","Restricted (at least 3 waves)","Stable High Maternal Absence",864,"DNKA","Alcohol use","Mediator",2,864,307,0.355324074074074,0.968728009259259
"Univariate Lived Without Mother","ULWOM","time_6_12","Middle-late childhood (6-12 years)","Restricted (at least 3 waves)","Stable High Maternal Absence",864,"DPBN","Depression","Outcome",1,833,49,0.0588235294117647,0.968728009259259
"Univariate Lived Without Mother","ULWOM","time_6_12","Middle-late childhood (6-12 years)","Restricted (at least 3 waves)","Stable High Maternal Absence",864,"ESXC","Ever had sexual intercourse","Mediator",3,829,385,0.464414957780458,0.968728009259259
"Univariate Lived Without Mother","ULWOM","time_6_12","Middle-late childhood (6-12 years)","Restricted (at least 3 waves)","Stable High Maternal Absence",864,"FDSC","Food insecurity","Mediator",4,864,240,0.277777777777778,0.968728009259259
"Univariate Lived Without Mother","ULWOM","time_6_12","Middle-late childhood (6-12 years)","Restricted (at least 3 waves)","Stable High Maternal Absence",864,"GOVG","No government grant receipt","Mediator",5,864,496,0.574074074074074,0.968728009259259
"Univariate Lived Without Mother","ULWOM","time_6_12","Middle-late childhood (6-12 years)","Restricted (at least 3 waves)","Stable High Maternal Absence",864,"SCHL","School disengagement","Mediator",8,864,262,0.303240740740741,0.968728009259259
"Univariate Lived Without Mother","ULWOM","time_6_12","Middle-late childhood (6-12 years)","Restricted (at least 3 waves)","Stable High Maternal Absence",864,"SCSP","Low social support","Mediator",7,862,88,0.102088167053364,0.968728009259259
"Univariate Lived Without Mother","ULWOM","time_6_12","Middle-late childhood (6-12 years)","Restricted (at least 3 waves)","Stable High Maternal Absence",864,"VLNC","Violence exposure","Mediator",6,864,254,0.293981481481481,0.968728009259259
"Univariate Lived Without Mother","ULWOM","time_6_12","Middle-late childhood (6-12 years)","Restricted (at least 3 waves)","Stable Low Maternal Absence",2630,"DNKA","Alcohol use","Mediator",2,2630,893,0.339543726235741,0.977419771863118
"Univariate Lived Without Mother","ULWOM","time_6_12","Middle-late childhood (6-12 years)","Restricted (at least 3 waves)","Stable Low Maternal Absence",2630,"DPBN","Depression","Outcome",1,2573,144,0.0559657986785853,0.977419771863118
"Univariate Lived Without Mother","ULWOM","time_6_12","Middle-late childhood (6-12 years)","Restricted (at least 3 waves)","Stable Low Maternal Absence",2630,"ESXC","Ever had sexual intercourse","Mediator",3,2551,1183,0.463739709917679,0.977419771863118
"Univariate Lived Without Mother","ULWOM","time_6_12","Middle-late childhood (6-12 years)","Restricted (at least 3 waves)","Stable Low Maternal Absence",2630,"FDSC","Food insecurity","Mediator",4,2630,774,0.294296577946768,0.977419771863118
"Univariate Lived Without Mother","ULWOM","time_6_12","Middle-late childhood (6-12 years)","Restricted (at least 3 waves)","Stable Low Maternal Absence",2630,"GOVG","No government grant receipt","Mediator",5,2630,1604,0.609885931558935,0.977419771863118
"Univariate Lived Without Mother","ULWOM","time_6_12","Middle-late childhood (6-12 years)","Restricted (at least 3 waves)","Stable Low Maternal Absence",2630,"SCHL","School disengagement","Mediator",8,2630,834,0.317110266159696,0.977419771863118
"Univariate Lived Without Mother","ULWOM","time_6_12","Middle-late childhood (6-12 years)","Restricted (at least 3 waves)","Stable Low Maternal Absence",2630,"SCSP","Low social support","Mediator",7,2630,243,0.0923954372623574,0.977419771863118
"Univariate Lived Without Mother","ULWOM","time_6_12","Middle-late childhood (6-12 years)","Restricted (at least 3 waves)","Stable Low Maternal Absence",2630,"VLNC","Violence exposure","Mediator",6,2630,837,0.318250950570342,0.977419771863118
"Univariate Lived Without Mother","ULWOM","time_6_12","Middle-late childhood (6-12 years)","Unrestricted","Declining Maternal Absence",361,"DNKA","Alcohol use","Mediator",2,361,146,0.404432132963989,0.892249307479224
"Univariate Lived Without Mother","ULWOM","time_6_12","Middle-late childhood (6-12 years)","Unrestricted","Declining Maternal Absence",361,"DPBN","Depression","Outcome",1,358,22,0.0614525139664804,0.892249307479224
"Univariate Lived Without Mother","ULWOM","time_6_12","Middle-late childhood (6-12 years)","Unrestricted","Declining Maternal Absence",361,"ESXC","Ever had sexual intercourse","Mediator",3,349,162,0.464183381088825,0.892249307479224
"Univariate Lived Without Mother","ULWOM","time_6_12","Middle-late childhood (6-12 years)","Unrestricted","Declining Maternal Absence",361,"FDSC","Food insecurity","Mediator",4,361,117,0.32409972299169,0.892249307479224
"Univariate Lived Without Mother","ULWOM","time_6_12","Middle-late childhood (6-12 years)","Unrestricted","Declining Maternal Absence",361,"GOVG","No government grant receipt","Mediator",5,361,220,0.609418282548476,0.892249307479224
"Univariate Lived Without Mother","ULWOM","time_6_12","Middle-late childhood (6-12 years)","Unrestricted","Declining Maternal Absence",361,"SCHL","School disengagement","Mediator",8,361,91,0.25207756232687,0.892249307479224
"Univariate Lived Without Mother","ULWOM","time_6_12","Middle-late childhood (6-12 years)","Unrestricted","Declining Maternal Absence",361,"SCSP","Low social support","Mediator",7,361,34,0.0941828254847646,0.892249307479224
"Univariate Lived Without Mother","ULWOM","time_6_12","Middle-late childhood (6-12 years)","Unrestricted","Declining Maternal Absence",361,"VLNC","Violence exposure","Mediator",6,361,131,0.362880886426593,0.892249307479224
"Univariate Lived Without Mother","ULWOM","time_6_12","Middle-late childhood (6-12 years)","Unrestricted","Late-Onset Maternal Absence",264,"DNKA","Alcohol use","Mediator",2,264,104,0.393939393939394,0.858215909090909
"Univariate Lived Without Mother","ULWOM","time_6_12","Middle-late childhood (6-12 years)","Unrestricted","Late-Onset Maternal Absence",264,"DPBN","Depression","Outcome",1,258,17,0.0658914728682171,0.858215909090909
"Univariate Lived Without Mother","ULWOM","time_6_12","Middle-late childhood (6-12 years)","Unrestricted","Late-Onset Maternal Absence",264,"ESXC","Ever had sexual intercourse","Mediator",3,257,122,0.474708171206226,0.858215909090909
"Univariate Lived Without Mother","ULWOM","time_6_12","Middle-late childhood (6-12 years)","Unrestricted","Late-Onset Maternal Absence",264,"FDSC","Food insecurity","Mediator",4,264,75,0.284090909090909,0.858215909090909
"Univariate Lived Without Mother","ULWOM","time_6_12","Middle-late childhood (6-12 years)","Unrestricted","Late-Onset Maternal Absence",264,"GOVG","No government grant receipt","Mediator",5,264,149,0.56439393939394,0.858215909090909
"Univariate Lived Without Mother","ULWOM","time_6_12","Middle-late childhood (6-12 years)","Unrestricted","Late-Onset Maternal Absence",264,"SCHL","School disengagement","Mediator",8,264,81,0.306818181818182,0.858215909090909
"Univariate Lived Without Mother","ULWOM","time_6_12","Middle-late childhood (6-12 years)","Unrestricted","Late-Onset Maternal Absence",264,"SCSP","Low social support","Mediator",7,264,22,0.0833333333333333,0.858215909090909
"Univariate Lived Without Mother","ULWOM","time_6_12","Middle-late childhood (6-12 years)","Unrestricted","Late-Onset Maternal Absence",264,"VLNC","Violence exposure","Mediator",6,264,79,0.299242424242424,0.858215909090909
"Univariate Lived Without Mother","ULWOM","time_6_12","Middle-late childhood (6-12 years)","Unrestricted","Mid-Childhood Onset Maternal Absence",249,"DNKA","Alcohol use","Mediator",2,249,91,0.365461847389558,0.881658634538153
"Univariate Lived Without Mother","ULWOM","time_6_12","Middle-late childhood (6-12 years)","Unrestricted","Mid-Childhood Onset Maternal Absence",249,"DPBN","Depression","Outcome",1,247,18,0.0728744939271255,0.881658634538153
"Univariate Lived Without Mother","ULWOM","time_6_12","Middle-late childhood (6-12 years)","Unrestricted","Mid-Childhood Onset Maternal Absence",249,"ESXC","Ever had sexual intercourse","Mediator",3,238,99,0.415966386554622,0.881658634538153
"Univariate Lived Without Mother","ULWOM","time_6_12","Middle-late childhood (6-12 years)","Unrestricted","Mid-Childhood Onset Maternal Absence",249,"FDSC","Food insecurity","Mediator",4,249,74,0.29718875502008,0.881658634538153
"Univariate Lived Without Mother","ULWOM","time_6_12","Middle-late childhood (6-12 years)","Unrestricted","Mid-Childhood Onset Maternal Absence",249,"GOVG","No government grant receipt","Mediator",5,249,142,0.570281124497992,0.881658634538153
"Univariate Lived Without Mother","ULWOM","time_6_12","Middle-late childhood (6-12 years)","Unrestricted","Mid-Childhood Onset Maternal Absence",249,"SCHL","School disengagement","Mediator",8,249,72,0.289156626506024,0.881658634538153
"Univariate Lived Without Mother","ULWOM","time_6_12","Middle-late childhood (6-12 years)","Unrestricted","Mid-Childhood Onset Maternal Absence",249,"SCSP","Low social support","Mediator",7,249,23,0.0923694779116466,0.881658634538153
"Univariate Lived Without Mother","ULWOM","time_6_12","Middle-late childhood (6-12 years)","Unrestricted","Mid-Childhood Onset Maternal Absence",249,"VLNC","Violence exposure","Mediator",6,249,78,0.313253012048193,0.881658634538153
"Univariate Lived Without Mother","ULWOM","time_6_12","Middle-late childhood (6-12 years)","Unrestricted","Stable High Maternal Absence",945,"DNKA","Alcohol use","Mediator",2,945,326,0.344973544973545,0.941391534391534
"Univariate Lived Without Mother","ULWOM","time_6_12","Middle-late childhood (6-12 years)","Unrestricted","Stable High Maternal Absence",945,"DPBN","Depression","Outcome",1,908,54,0.0594713656387665,0.941391534391534
"Univariate Lived Without Mother","ULWOM","time_6_12","Middle-late childhood (6-12 years)","Unrestricted","Stable High Maternal Absence",945,"ESXC","Ever had sexual intercourse","Mediator",3,906,431,0.475717439293598,0.941391534391534
"Univariate Lived Without Mother","ULWOM","time_6_12","Middle-late childhood (6-12 years)","Unrestricted","Stable High Maternal Absence",945,"FDSC","Food insecurity","Mediator",4,945,276,0.292063492063492,0.941391534391534
"Univariate Lived Without Mother","ULWOM","time_6_12","Middle-late childhood (6-12 years)","Unrestricted","Stable High Maternal Absence",945,"GOVG","No government grant receipt","Mediator",5,945,545,0.576719576719577,0.941391534391534
"Univariate Lived Without Mother","ULWOM","time_6_12","Middle-late childhood (6-12 years)","Unrestricted","Stable High Maternal Absence",945,"SCHL","School disengagement","Mediator",8,945,295,0.312169312169312,0.941391534391534
"Univariate Lived Without Mother","ULWOM","time_6_12","Middle-late childhood (6-12 years)","Unrestricted","Stable High Maternal Absence",945,"SCSP","Low social support","Mediator",7,943,96,0.101802757158006,0.941391534391534
"Univariate Lived Without Mother","ULWOM","time_6_12","Middle-late childhood (6-12 years)","Unrestricted","Stable High Maternal Absence",945,"VLNC","Violence exposure","Mediator",6,945,273,0.288888888888889,0.941391534391534
"Univariate Lived Without Mother","ULWOM","time_6_12","Middle-late childhood (6-12 years)","Unrestricted","Stable Low Maternal Absence",2881,"DNKA","Alcohol use","Mediator",2,2881,967,0.335647344671989,0.966412009718847
"Univariate Lived Without Mother","ULWOM","time_6_12","Middle-late childhood (6-12 years)","Unrestricted","Stable Low Maternal Absence",2881,"DPBN","Depression","Outcome",1,2812,155,0.0551209103840683,0.966412009718847
"Univariate Lived Without Mother","ULWOM","time_6_12","Middle-late childhood (6-12 years)","Unrestricted","Stable Low Maternal Absence",2881,"ESXC","Ever had sexual intercourse","Mediator",3,2784,1271,0.456537356321839,0.966412009718847
"Univariate Lived Without Mother","ULWOM","time_6_12","Middle-late childhood (6-12 years)","Unrestricted","Stable Low Maternal Absence",2881,"FDSC","Food insecurity","Mediator",4,2881,866,0.300590072891357,0.966412009718847
"Univariate Lived Without Mother","ULWOM","time_6_12","Middle-late childhood (6-12 years)","Unrestricted","Stable Low Maternal Absence",2881,"GOVG","No government grant receipt","Mediator",5,2881,1734,0.601874349184311,0.966412009718847
"Univariate Lived Without Mother","ULWOM","time_6_12","Middle-late childhood (6-12 years)","Unrestricted","Stable Low Maternal Absence",2881,"SCHL","School disengagement","Mediator",8,2881,893,0.309961818812912,0.966412009718847
"Univariate Lived Without Mother","ULWOM","time_6_12","Middle-late childhood (6-12 years)","Unrestricted","Stable Low Maternal Absence",2881,"SCSP","Low social support","Mediator",7,2881,278,0.0964942728219368,0.966412009718847
"Univariate Lived Without Mother","ULWOM","time_6_12","Middle-late childhood (6-12 years)","Unrestricted","Stable Low Maternal Absence",2881,"VLNC","Violence exposure","Mediator",6,2881,876,0.30406108989934,0.966412009718847
"Univariate Household Socioeconomic Status","UHSES","time_0_5","Early childhood (0-5 years)","Restricted (at least 3 waves)","Chronic Low SES",821,"DNKA","Alcohol use","Mediator",2,821,233,0.283800243605359,0.884171741778319
"Univariate Household Socioeconomic Status","UHSES","time_0_5","Early childhood (0-5 years)","Restricted (at least 3 waves)","Chronic Low SES",821,"DPBN","Depression","Outcome",1,821,25,0.0304506699147381,0.884171741778319
"Univariate Household Socioeconomic Status","UHSES","time_0_5","Early childhood (0-5 years)","Restricted (at least 3 waves)","Chronic Low SES",821,"ESXC","Ever had sexual intercourse","Mediator",3,810,180,0.222222222222222,0.884171741778319
"Univariate Household Socioeconomic Status","UHSES","time_0_5","Early childhood (0-5 years)","Restricted (at least 3 waves)","Chronic Low SES",821,"FDSC","Food insecurity","Mediator",4,821,198,0.241169305724726,0.884171741778319
"Univariate Household Socioeconomic Status","UHSES","time_0_5","Early childhood (0-5 years)","Restricted (at least 3 waves)","Chronic Low SES",821,"GOVG","No government grant receipt","Mediator",5,821,323,0.393422655298417,0.884171741778319
"Univariate Household Socioeconomic Status","UHSES","time_0_5","Early childhood (0-5 years)","Restricted (at least 3 waves)","Chronic Low SES",821,"SCHL","School disengagement","Mediator",8,821,63,0.0767356881851401,0.884171741778319
"Univariate Household Socioeconomic Status","UHSES","time_0_5","Early childhood (0-5 years)","Restricted (at least 3 waves)","Chronic Low SES",821,"SCSP","Low social support","Mediator",7,821,88,0.107186358099878,0.884171741778319
"Univariate Household Socioeconomic Status","UHSES","time_0_5","Early childhood (0-5 years)","Restricted (at least 3 waves)","Chronic Low SES",821,"VLNC","Violence exposure","Mediator",6,821,271,0.330085261875761,0.884171741778319
"Univariate Household Socioeconomic Status","UHSES","time_0_5","Early childhood (0-5 years)","Restricted (at least 3 waves)","Improving from Low SES",349,"DNKA","Alcohol use","Mediator",2,349,102,0.292263610315186,0.867051575931232
"Univariate Household Socioeconomic Status","UHSES","time_0_5","Early childhood (0-5 years)","Restricted (at least 3 waves)","Improving from Low SES",349,"DPBN","Depression","Outcome",1,349,14,0.0401146131805158,0.867051575931232
"Univariate Household Socioeconomic Status","UHSES","time_0_5","Early childhood (0-5 years)","Restricted (at least 3 waves)","Improving from Low SES",349,"ESXC","Ever had sexual intercourse","Mediator",3,348,54,0.155172413793103,0.867051575931232
"Univariate Household Socioeconomic Status","UHSES","time_0_5","Early childhood (0-5 years)","Restricted (at least 3 waves)","Improving from Low SES",349,"FDSC","Food insecurity","Mediator",4,349,67,0.191977077363897,0.867051575931232
"Univariate Household Socioeconomic Status","UHSES","time_0_5","Early childhood (0-5 years)","Restricted (at least 3 waves)","Improving from Low SES",349,"GOVG","No government grant receipt","Mediator",5,349,176,0.504297994269341,0.867051575931232
"Univariate Household Socioeconomic Status","UHSES","time_0_5","Early childhood (0-5 years)","Restricted (at least 3 waves)","Improving from Low SES",349,"SCHL","School disengagement","Mediator",8,349,24,0.0687679083094556,0.867051575931232
"Univariate Household Socioeconomic Status","UHSES","time_0_5","Early childhood (0-5 years)","Restricted (at least 3 waves)","Improving from Low SES",349,"SCSP","Low social support","Mediator",7,349,29,0.0830945558739255,0.867051575931232
"Univariate Household Socioeconomic Status","UHSES","time_0_5","Early childhood (0-5 years)","Restricted (at least 3 waves)","Improving from Low SES",349,"VLNC","Violence exposure","Mediator",6,349,94,0.269340974212034,0.867051575931232
"Univariate Household Socioeconomic Status","UHSES","time_0_5","Early childhood (0-5 years)","Restricted (at least 3 waves)","Late Improvement from Chronic Low SES",355,"DNKA","Alcohol use","Mediator",2,355,112,0.315492957746479,0.820816901408451
"Univariate Household Socioeconomic Status","UHSES","time_0_5","Early childhood (0-5 years)","Restricted (at least 3 waves)","Late Improvement from Chronic Low SES",355,"DPBN","Depression","Outcome",1,355,11,0.0309859154929577,0.820816901408451
"Univariate Household Socioeconomic Status","UHSES","time_0_5","Early childhood (0-5 years)","Restricted (at least 3 waves)","Late Improvement from Chronic Low SES",355,"ESXC","Ever had sexual intercourse","Mediator",3,350,69,0.197142857142857,0.820816901408451
"Univariate Household Socioeconomic Status","UHSES","time_0_5","Early childhood (0-5 years)","Restricted (at least 3 waves)","Late Improvement from Chronic Low SES",355,"FDSC","Food insecurity","Mediator",4,355,82,0.230985915492958,0.820816901408451
"Univariate Household Socioeconomic Status","UHSES","time_0_5","Early childhood (0-5 years)","Restricted (at least 3 waves)","Late Improvement from Chronic Low SES",355,"GOVG","No government grant receipt","Mediator",5,355,144,0.405633802816901,0.820816901408451
"Univariate Household Socioeconomic Status","UHSES","time_0_5","Early childhood (0-5 years)","Restricted (at least 3 waves)","Late Improvement from Chronic Low SES",355,"SCHL","School disengagement","Mediator",8,355,30,0.0845070422535211,0.820816901408451
"Univariate Household Socioeconomic Status","UHSES","time_0_5","Early childhood (0-5 years)","Restricted (at least 3 waves)","Late Improvement from Chronic Low SES",355,"SCSP","Low social support","Mediator",7,355,34,0.0957746478873239,0.820816901408451
"Univariate Household Socioeconomic Status","UHSES","time_0_5","Early childhood (0-5 years)","Restricted (at least 3 waves)","Late Improvement from Chronic Low SES",355,"VLNC","Violence exposure","Mediator",6,355,124,0.349295774647887,0.820816901408451
"Univariate Household Socioeconomic Status","UHSES","time_0_5","Early childhood (0-5 years)","Restricted (at least 3 waves)","Stable Higher SES",81,"DNKA","Alcohol use","Mediator",2,81,22,0.271604938271605,0.891135802469136
"Univariate Household Socioeconomic Status","UHSES","time_0_5","Early childhood (0-5 years)","Restricted (at least 3 waves)","Stable Higher SES",81,"DPBN","Depression","Outcome",1,81,2,0.0246913580246914,0.891135802469136
"Univariate Household Socioeconomic Status","UHSES","time_0_5","Early childhood (0-5 years)","Restricted (at least 3 waves)","Stable Higher SES",81,"ESXC","Ever had sexual intercourse","Mediator",3,79,12,0.151898734177215,0.891135802469136
"Univariate Household Socioeconomic Status","UHSES","time_0_5","Early childhood (0-5 years)","Restricted (at least 3 waves)","Stable Higher SES",81,"FDSC","Food insecurity","Mediator",4,81,13,0.160493827160494,0.891135802469136
"Univariate Household Socioeconomic Status","UHSES","time_0_5","Early childhood (0-5 years)","Restricted (at least 3 waves)","Stable Higher SES",81,"GOVG","No government grant receipt","Mediator",5,81,46,0.567901234567901,0.891135802469136
"Univariate Household Socioeconomic Status","UHSES","time_0_5","Early childhood (0-5 years)","Restricted (at least 3 waves)","Stable Higher SES",81,"SCHL","School disengagement","Mediator",8,81,4,0.0493827160493827,0.891135802469136
"Univariate Household Socioeconomic Status","UHSES","time_0_5","Early childhood (0-5 years)","Restricted (at least 3 waves)","Stable Higher SES",81,"SCSP","Low social support","Mediator",7,81,6,0.0740740740740741,0.891135802469136
"Univariate Household Socioeconomic Status","UHSES","time_0_5","Early childhood (0-5 years)","Restricted (at least 3 waves)","Stable Higher SES",81,"VLNC","Violence exposure","Mediator",6,81,23,0.283950617283951,0.891135802469136
"Univariate Household Socioeconomic Status","UHSES","time_0_5","Early childhood (0-5 years)","Unrestricted","Chronic Low SES",2103,"DNKA","Alcohol use","Mediator",2,2103,732,0.348074179743224,0.961819305753685
"Univariate Household Socioeconomic Status","UHSES","time_0_5","Early childhood (0-5 years)","Unrestricted","Chronic Low SES",2103,"DPBN","Depression","Outcome",1,2097,91,0.0433953266571292,0.961819305753685
"Univariate Household Socioeconomic Status","UHSES","time_0_5","Early childhood (0-5 years)","Unrestricted","Chronic Low SES",2103,"ESXC","Ever had sexual intercourse","Mediator",3,2058,744,0.361516034985423,0.961819305753685
"Univariate Household Socioeconomic Status","UHSES","time_0_5","Early childhood (0-5 years)","Unrestricted","Chronic Low SES",2103,"FDSC","Food insecurity","Mediator",4,2103,578,0.274845458868283,0.961819305753685
"Univariate Household Socioeconomic Status","UHSES","time_0_5","Early childhood (0-5 years)","Unrestricted","Chronic Low SES",2103,"GOVG","No government grant receipt","Mediator",5,2103,1144,0.543984783642416,0.961819305753685
"Univariate Household Socioeconomic Status","UHSES","time_0_5","Early childhood (0-5 years)","Unrestricted","Chronic Low SES",2103,"SCHL","School disengagement","Mediator",8,2103,359,0.170708511650024,0.961819305753685
"Univariate Household Socioeconomic Status","UHSES","time_0_5","Early childhood (0-5 years)","Unrestricted","Chronic Low SES",2103,"SCSP","Low social support","Mediator",7,2103,210,0.0998573466476462,0.961819305753685
"Univariate Household Socioeconomic Status","UHSES","time_0_5","Early childhood (0-5 years)","Unrestricted","Chronic Low SES",2103,"VLNC","Violence exposure","Mediator",6,2103,702,0.333808844507846,0.961819305753685
"Univariate Household Socioeconomic Status","UHSES","time_0_5","Early childhood (0-5 years)","Unrestricted","Improving from Low SES",791,"DNKA","Alcohol use","Mediator",2,791,276,0.348925410872314,0.890786346396966
"Univariate Household Socioeconomic Status","UHSES","time_0_5","Early childhood (0-5 years)","Unrestricted","Improving from Low SES",791,"DPBN","Depression","Outcome",1,790,38,0.0481012658227848,0.890786346396966
"Univariate Household Socioeconomic Status","UHSES","time_0_5","Early childhood (0-5 years)","Unrestricted","Improving from Low SES",791,"ESXC","Ever had sexual intercourse","Mediator",3,786,205,0.260814249363868,0.890786346396966
"Univariate Household Socioeconomic Status","UHSES","time_0_5","Early childhood (0-5 years)","Unrestricted","Improving from Low SES",791,"FDSC","Food insecurity","Mediator",4,791,149,0.188369152970923,0.890786346396966
"Univariate Household Socioeconomic Status","UHSES","time_0_5","Early childhood (0-5 years)","Unrestricted","Improving from Low SES",791,"GOVG","No government grant receipt","Mediator",5,791,447,0.565107458912769,0.890786346396966
"Univariate Household Socioeconomic Status","UHSES","time_0_5","Early childhood (0-5 years)","Unrestricted","Improving from Low SES",791,"SCHL","School disengagement","Mediator",8,791,105,0.132743362831858,0.890786346396966
"Univariate Household Socioeconomic Status","UHSES","time_0_5","Early childhood (0-5 years)","Unrestricted","Improving from Low SES",791,"SCSP","Low social support","Mediator",7,791,73,0.0922882427307206,0.890786346396966
"Univariate Household Socioeconomic Status","UHSES","time_0_5","Early childhood (0-5 years)","Unrestricted","Improving from Low SES",791,"VLNC","Violence exposure","Mediator",6,791,235,0.297092288242731,0.890786346396966
"Univariate Household Socioeconomic Status","UHSES","time_6_12","Middle-late childhood (6-12 years)","Restricted (at least 3 waves)","Chronic Low SES",591,"DNKA","Alcohol use","Mediator",2,591,203,0.343485617597293,0.803539763113367
"Univariate Household Socioeconomic Status","UHSES","time_6_12","Middle-late childhood (6-12 years)","Restricted (at least 3 waves)","Chronic Low SES",591,"DPBN","Depression","Outcome",1,589,24,0.0407470288624788,0.803539763113367
"Univariate Household Socioeconomic Status","UHSES","time_6_12","Middle-late childhood (6-12 years)","Restricted (at least 3 waves)","Chronic Low SES",591,"ESXC","Ever had sexual intercourse","Mediator",3,583,158,0.271012006861063,0.803539763113367
"Univariate Household Socioeconomic Status","UHSES","time_6_12","Middle-late childhood (6-12 years)","Restricted (at least 3 waves)","Chronic Low SES",591,"FDSC","Food insecurity","Mediator",4,591,95,0.160744500846024,0.803539763113367
"Univariate Household Socioeconomic Status","UHSES","time_6_12","Middle-late childhood (6-12 years)","Restricted (at least 3 waves)","Chronic Low SES",591,"GOVG","No government grant receipt","Mediator",5,591,348,0.588832487309645,0.803539763113367
"Univariate Household Socioeconomic Status","UHSES","time_6_12","Middle-late childhood (6-12 years)","Restricted (at least 3 waves)","Chronic Low SES",591,"SCHL","School disengagement","Mediator",8,591,93,0.157360406091371,0.803539763113367
"Univariate Household Socioeconomic Status","UHSES","time_6_12","Middle-late childhood (6-12 years)","Restricted (at least 3 waves)","Chronic Low SES",591,"SCSP","Low social support","Mediator",7,591,58,0.0981387478849408,0.803539763113367
"Univariate Household Socioeconomic Status","UHSES","time_6_12","Middle-late childhood (6-12 years)","Restricted (at least 3 waves)","Chronic Low SES",591,"VLNC","Violence exposure","Mediator",6,591,189,0.319796954314721,0.803539763113367
"Univariate Household Socioeconomic Status","UHSES","time_6_12","Middle-late childhood (6-12 years)","Restricted (at least 3 waves)","Early Improvement from Mild Low SES",393,"DNKA","Alcohol use","Mediator",2,393,145,0.368956743002545,0.561368956743003
"Univariate Household Socioeconomic Status","UHSES","time_6_12","Middle-late childhood (6-12 years)","Restricted (at least 3 waves)","Early Improvement from Mild Low SES",393,"DPBN","Depression","Outcome",1,389,27,0.0694087403598972,0.561368956743003
"Univariate Household Socioeconomic Status","UHSES","time_6_12","Middle-late childhood (6-12 years)","Restricted (at least 3 waves)","Early Improvement from Mild Low SES",393,"ESXC","Ever had sexual intercourse","Mediator",3,385,186,0.483116883116883,0.561368956743003
"Univariate Household Socioeconomic Status","UHSES","time_6_12","Middle-late childhood (6-12 years)","Restricted (at least 3 waves)","Early Improvement from Mild Low SES",393,"FDSC","Food insecurity","Mediator",4,393,92,0.234096692111959,0.561368956743003
"Univariate Household Socioeconomic Status","UHSES","time_6_12","Middle-late childhood (6-12 years)","Restricted (at least 3 waves)","Early Improvement from Mild Low SES",393,"GOVG","No government grant receipt","Mediator",5,393,251,0.638676844783715,0.561368956743003
"Univariate Household Socioeconomic Status","UHSES","time_6_12","Middle-late childhood (6-12 years)","Restricted (at least 3 waves)","Early Improvement from Mild Low SES",393,"SCHL","School disengagement","Mediator",8,393,119,0.302798982188295,0.561368956743003
"Univariate Household Socioeconomic Status","UHSES","time_6_12","Middle-late childhood (6-12 years)","Restricted (at least 3 waves)","Early Improvement from Mild Low SES",393,"SCSP","Low social support","Mediator",7,393,35,0.089058524173028,0.561368956743003
"Univariate Household Socioeconomic Status","UHSES","time_6_12","Middle-late childhood (6-12 years)","Restricted (at least 3 waves)","Early Improvement from Mild Low SES",393,"VLNC","Violence exposure","Mediator",6,393,115,0.292620865139949,0.561368956743003
"Univariate Household Socioeconomic Status","UHSES","time_6_12","Middle-late childhood (6-12 years)","Restricted (at least 3 waves)","Improving from High Low SES",428,"DNKA","Alcohol use","Mediator",2,428,158,0.369158878504673,0.617476635514019
"Univariate Household Socioeconomic Status","UHSES","time_6_12","Middle-late childhood (6-12 years)","Restricted (at least 3 waves)","Improving from High Low SES",428,"DPBN","Depression","Outcome",1,426,25,0.0586854460093897,0.617476635514019
"Univariate Household Socioeconomic Status","UHSES","time_6_12","Middle-late childhood (6-12 years)","Restricted (at least 3 waves)","Improving from High Low SES",428,"ESXC","Ever had sexual intercourse","Mediator",3,415,194,0.467469879518072,0.617476635514019
"Univariate Household Socioeconomic Status","UHSES","time_6_12","Middle-late childhood (6-12 years)","Restricted (at least 3 waves)","Improving from High Low SES",428,"FDSC","Food insecurity","Mediator",4,428,127,0.296728971962617,0.617476635514019
"Univariate Household Socioeconomic Status","UHSES","time_6_12","Middle-late childhood (6-12 years)","Restricted (at least 3 waves)","Improving from High Low SES",428,"GOVG","No government grant receipt","Mediator",5,428,253,0.591121495327103,0.617476635514019
"Univariate Household Socioeconomic Status","UHSES","time_6_12","Middle-late childhood (6-12 years)","Restricted (at least 3 waves)","Improving from High Low SES",428,"SCHL","School disengagement","Mediator",8,428,139,0.324766355140187,0.617476635514019
"Univariate Household Socioeconomic Status","UHSES","time_6_12","Middle-late childhood (6-12 years)","Restricted (at least 3 waves)","Improving from High Low SES",428,"SCSP","Low social support","Mediator",7,428,45,0.105140186915888,0.617476635514019
"Univariate Household Socioeconomic Status","UHSES","time_6_12","Middle-late childhood (6-12 years)","Restricted (at least 3 waves)","Improving from High Low SES",428,"VLNC","Violence exposure","Mediator",6,428,144,0.336448598130841,0.617476635514019
"Univariate Household Socioeconomic Status","UHSES","time_6_12","Middle-late childhood (6-12 years)","Restricted (at least 3 waves)","Late Improvement from Chronic Low SES",1255,"DNKA","Alcohol use","Mediator",2,1255,445,0.354581673306773,0.876205577689243
"Univariate Household Socioeconomic Status","UHSES","time_6_12","Middle-late childhood (6-12 years)","Restricted (at least 3 waves)","Late Improvement from Chronic Low SES",1255,"DPBN","Depression","Outcome",1,1228,86,0.0700325732899023,0.876205577689243
"Univariate Household Socioeconomic Status","UHSES","time_6_12","Middle-late childhood (6-12 years)","Restricted (at least 3 waves)","Late Improvement from Chronic Low SES",1255,"ESXC","Ever had sexual intercourse","Mediator",3,1213,674,0.555647155812036,0.876205577689243
"Univariate Household Socioeconomic Status","UHSES","time_6_12","Middle-late childhood (6-12 years)","Restricted (at least 3 waves)","Late Improvement from Chronic Low SES",1255,"FDSC","Food insecurity","Mediator",4,1255,444,0.353784860557769,0.876205577689243
"Univariate Household Socioeconomic Status","UHSES","time_6_12","Middle-late childhood (6-12 years)","Restricted (at least 3 waves)","Late Improvement from Chronic Low SES",1255,"GOVG","No government grant receipt","Mediator",5,1255,799,0.636653386454183,0.876205577689243
"Univariate Household Socioeconomic Status","UHSES","time_6_12","Middle-late childhood (6-12 years)","Restricted (at least 3 waves)","Late Improvement from Chronic Low SES",1255,"SCHL","School disengagement","Mediator",8,1255,452,0.360159362549801,0.876205577689243
"Univariate Household Socioeconomic Status","UHSES","time_6_12","Middle-late childhood (6-12 years)","Restricted (at least 3 waves)","Late Improvement from Chronic Low SES",1255,"SCSP","Low social support","Mediator",7,1254,129,0.102870813397129,0.876205577689243
"Univariate Household Socioeconomic Status","UHSES","time_6_12","Middle-late childhood (6-12 years)","Restricted (at least 3 waves)","Late Improvement from Chronic Low SES",1255,"VLNC","Violence exposure","Mediator",6,1255,441,0.351394422310757,0.876205577689243
"Univariate Household Socioeconomic Status","UHSES","time_6_12","Middle-late childhood (6-12 years)","Restricted (at least 3 waves)","Minimal Low SES",308,"DNKA","Alcohol use","Mediator",2,308,116,0.376623376623377,0.615178571428571
"Univariate Household Socioeconomic Status","UHSES","time_6_12","Middle-late childhood (6-12 years)","Restricted (at least 3 waves)","Minimal Low SES",308,"DPBN","Depression","Outcome",1,307,16,0.0521172638436482,0.615178571428571
"Univariate Household Socioeconomic Status","UHSES","time_6_12","Middle-late childhood (6-12 years)","Restricted (at least 3 waves)","Minimal Low SES",308,"ESXC","Ever had sexual intercourse","Mediator",3,303,144,0.475247524752475,0.615178571428571
"Univariate Household Socioeconomic Status","UHSES","time_6_12","Middle-late childhood (6-12 years)","Restricted (at least 3 waves)","Minimal Low SES",308,"FDSC","Food insecurity","Mediator",4,308,89,0.288961038961039,0.615178571428571
"Univariate Household Socioeconomic Status","UHSES","time_6_12","Middle-late childhood (6-12 years)","Restricted (at least 3 waves)","Minimal Low SES",308,"GOVG","No government grant receipt","Mediator",5,308,177,0.574675324675325,0.615178571428571
"Univariate Household Socioeconomic Status","UHSES","time_6_12","Middle-late childhood (6-12 years)","Restricted (at least 3 waves)","Minimal Low SES",308,"SCHL","School disengagement","Mediator",8,308,92,0.298701298701299,0.615178571428571
"Univariate Household Socioeconomic Status","UHSES","time_6_12","Middle-late childhood (6-12 years)","Restricted (at least 3 waves)","Minimal Low SES",308,"SCSP","Low social support","Mediator",7,308,28,0.0909090909090909,0.615178571428571
"Univariate Household Socioeconomic Status","UHSES","time_6_12","Middle-late childhood (6-12 years)","Restricted (at least 3 waves)","Minimal Low SES",308,"VLNC","Violence exposure","Mediator",6,308,101,0.327922077922078,0.615178571428571
"Univariate Household Socioeconomic Status","UHSES","time_6_12","Middle-late childhood (6-12 years)","Restricted (at least 3 waves)","Persistent Moderate Low SES",399,"DNKA","Alcohol use","Mediator",2,399,143,0.358395989974937,0.60078947368421
"Univariate Household Socioeconomic Status","UHSES","time_6_12","Middle-late childhood (6-12 years)","Restricted (at least 3 waves)","Persistent Moderate Low SES",399,"DPBN","Depression","Outcome",1,396,25,0.0631313131313131,0.60078947368421
"Univariate Household Socioeconomic Status","UHSES","time_6_12","Middle-late childhood (6-12 years)","Restricted (at least 3 waves)","Persistent Moderate Low SES",399,"ESXC","Ever had sexual intercourse","Mediator",3,393,148,0.376590330788804,0.60078947368421
"Univariate Household Socioeconomic Status","UHSES","time_6_12","Middle-late childhood (6-12 years)","Restricted (at least 3 waves)","Persistent Moderate Low SES",399,"FDSC","Food insecurity","Mediator",4,399,82,0.205513784461153,0.60078947368421
"Univariate Household Socioeconomic Status","UHSES","time_6_12","Middle-late childhood (6-12 years)","Restricted (at least 3 waves)","Persistent Moderate Low SES",399,"GOVG","No government grant receipt","Mediator",5,399,229,0.573934837092732,0.60078947368421
"Univariate Household Socioeconomic Status","UHSES","time_6_12","Middle-late childhood (6-12 years)","Restricted (at least 3 waves)","Persistent Moderate Low SES",399,"SCHL","School disengagement","Mediator",8,399,82,0.205513784461153,0.60078947368421
"Univariate Household Socioeconomic Status","UHSES","time_6_12","Middle-late childhood (6-12 years)","Restricted (at least 3 waves)","Persistent Moderate Low SES",399,"SCSP","Low social support","Mediator",7,399,34,0.0852130325814536,0.60078947368421
"Univariate Household Socioeconomic Status","UHSES","time_6_12","Middle-late childhood (6-12 years)","Restricted (at least 3 waves)","Persistent Moderate Low SES",399,"VLNC","Violence exposure","Mediator",6,399,119,0.298245614035088,0.60078947368421
"Univariate Household Socioeconomic Status","UHSES","time_6_12","Middle-late childhood (6-12 years)","Restricted (at least 3 waves)","Stable Higher SES",614,"DNKA","Alcohol use","Mediator",2,614,209,0.340390879478827,0.639244299674267
"Univariate Household Socioeconomic Status","UHSES","time_6_12","Middle-late childhood (6-12 years)","Restricted (at least 3 waves)","Stable Higher SES",614,"DPBN","Depression","Outcome",1,613,27,0.0440456769983687,0.639244299674267
"Univariate Household Socioeconomic Status","UHSES","time_6_12","Middle-late childhood (6-12 years)","Restricted (at least 3 waves)","Stable Higher SES",614,"ESXC","Ever had sexual intercourse","Mediator",3,604,193,0.31953642384106,0.639244299674267
"Univariate Household Socioeconomic Status","UHSES","time_6_12","Middle-late childhood (6-12 years)","Restricted (at least 3 waves)","Stable Higher SES",614,"FDSC","Food insecurity","Mediator",4,614,154,0.250814332247557,0.639244299674267
"Univariate Household Socioeconomic Status","UHSES","time_6_12","Middle-late childhood (6-12 years)","Restricted (at least 3 waves)","Stable Higher SES",614,"GOVG","No government grant receipt","Mediator",5,614,327,0.53257328990228,0.639244299674267
"Univariate Household Socioeconomic Status","UHSES","time_6_12","Middle-late childhood (6-12 years)","Restricted (at least 3 waves)","Stable Higher SES",614,"SCHL","School disengagement","Mediator",8,614,102,0.166123778501629,0.639244299674267
"Univariate Household Socioeconomic Status","UHSES","time_6_12","Middle-late childhood (6-12 years)","Restricted (at least 3 waves)","Stable Higher SES",614,"SCSP","Low social support","Mediator",7,614,71,0.115635179153094,0.639244299674267
"Univariate Household Socioeconomic Status","UHSES","time_6_12","Middle-late childhood (6-12 years)","Restricted (at least 3 waves)","Stable Higher SES",614,"VLNC","Violence exposure","Mediator",6,614,167,0.271986970684039,0.639244299674267
"Univariate Household Socioeconomic Status","UHSES","time_6_12","Middle-late childhood (6-12 years)","Unrestricted","Chronic Low SES",1577,"DNKA","Alcohol use","Mediator",2,1577,531,0.336715282181357,0.845961318960051
"Univariate Household Socioeconomic Status","UHSES","time_6_12","Middle-late childhood (6-12 years)","Unrestricted","Chronic Low SES",1577,"DPBN","Depression","Outcome",1,1498,97,0.0647530040053405,0.845961318960051
"Univariate Household Socioeconomic Status","UHSES","time_6_12","Middle-late childhood (6-12 years)","Unrestricted","Chronic Low SES",1577,"ESXC","Ever had sexual intercourse","Mediator",3,1495,861,0.575919732441472,0.845961318960051
"Univariate Household Socioeconomic Status","UHSES","time_6_12","Middle-late childhood (6-12 years)","Unrestricted","Chronic Low SES",1577,"FDSC","Food insecurity","Mediator",4,1577,568,0.360177552314521,0.845961318960051
"Univariate Household Socioeconomic Status","UHSES","time_6_12","Middle-late childhood (6-12 years)","Unrestricted","Chronic Low SES",1577,"GOVG","No government grant receipt","Mediator",5,1577,984,0.623969562460368,0.845961318960051
"Univariate Household Socioeconomic Status","UHSES","time_6_12","Middle-late childhood (6-12 years)","Unrestricted","Chronic Low SES",1577,"SCHL","School disengagement","Mediator",8,1577,616,0.390615091946734,0.845961318960051
"Univariate Household Socioeconomic Status","UHSES","time_6_12","Middle-late childhood (6-12 years)","Unrestricted","Chronic Low SES",1577,"SCSP","Low social support","Mediator",7,1574,156,0.0991105463786531,0.845961318960051
"Univariate Household Socioeconomic Status","UHSES","time_6_12","Middle-late childhood (6-12 years)","Unrestricted","Chronic Low SES",1577,"VLNC","Violence exposure","Mediator",6,1577,515,0.326569435637286,0.845961318960051
"Univariate Household Socioeconomic Status","UHSES","time_6_12","Middle-late childhood (6-12 years)","Unrestricted","Early Improvement from Mild Low SES",409,"DNKA","Alcohol use","Mediator",2,409,147,0.359413202933985,0.605168704156479
"Univariate Household Socioeconomic Status","UHSES","time_6_12","Middle-late childhood (6-12 years)","Unrestricted","Early Improvement from Mild Low SES",409,"DPBN","Depression","Outcome",1,406,26,0.0640394088669951,0.605168704156479
"Univariate Household Socioeconomic Status","UHSES","time_6_12","Middle-late childhood (6-12 years)","Unrestricted","Early Improvement from Mild Low SES",409,"ESXC","Ever had sexual intercourse","Mediator",3,403,151,0.37468982630273,0.605168704156479
"Univariate Household Socioeconomic Status","UHSES","time_6_12","Middle-late childhood (6-12 years)","Unrestricted","Early Improvement from Mild Low SES",409,"FDSC","Food insecurity","Mediator",4,409,83,0.202933985330073,0.605168704156479
"Univariate Household Socioeconomic Status","UHSES","time_6_12","Middle-late childhood (6-12 years)","Unrestricted","Early Improvement from Mild Low SES",409,"GOVG","No government grant receipt","Mediator",5,409,234,0.572127139364303,0.605168704156479
"Univariate Household Socioeconomic Status","UHSES","time_6_12","Middle-late childhood (6-12 years)","Unrestricted","Early Improvement from Mild Low SES",409,"SCHL","School disengagement","Mediator",8,409,84,0.205378973105134,0.605168704156479
"Univariate Household Socioeconomic Status","UHSES","time_6_12","Middle-late childhood (6-12 years)","Unrestricted","Early Improvement from Mild Low SES",409,"SCSP","Low social support","Mediator",7,409,34,0.0831295843520782,0.605168704156479
"Univariate Household Socioeconomic Status","UHSES","time_6_12","Middle-late childhood (6-12 years)","Unrestricted","Early Improvement from Mild Low SES",409,"VLNC","Violence exposure","Mediator",6,409,122,0.298288508557457,0.605168704156479
"Univariate Household Socioeconomic Status","UHSES","time_6_12","Middle-late childhood (6-12 years)","Unrestricted","Improving from High Low SES",417,"DNKA","Alcohol use","Mediator",2,417,154,0.369304556354916,0.548904076738609
"Univariate Household Socioeconomic Status","UHSES","time_6_12","Middle-late childhood (6-12 years)","Unrestricted","Improving from High Low SES",417,"DPBN","Depression","Outcome",1,413,29,0.0702179176755448,0.548904076738609
"Univariate Household Socioeconomic Status","UHSES","time_6_12","Middle-late childhood (6-12 years)","Unrestricted","Improving from High Low SES",417,"ESXC","Ever had sexual intercourse","Mediator",3,408,197,0.482843137254902,0.548904076738609
"Univariate Household Socioeconomic Status","UHSES","time_6_12","Middle-late childhood (6-12 years)","Unrestricted","Improving from High Low SES",417,"FDSC","Food insecurity","Mediator",4,417,103,0.247002398081535,0.548904076738609
"Univariate Household Socioeconomic Status","UHSES","time_6_12","Middle-late childhood (6-12 years)","Unrestricted","Improving from High Low SES",417,"GOVG","No government grant receipt","Mediator",5,417,264,0.633093525179856,0.548904076738609
"Univariate Household Socioeconomic Status","UHSES","time_6_12","Middle-late childhood (6-12 years)","Unrestricted","Improving from High Low SES",417,"SCHL","School disengagement","Mediator",8,417,127,0.304556354916067,0.548904076738609
"Univariate Household Socioeconomic Status","UHSES","time_6_12","Middle-late childhood (6-12 years)","Unrestricted","Improving from High Low SES",417,"SCSP","Low social support","Mediator",7,417,37,0.0887290167865707,0.548904076738609
"Univariate Household Socioeconomic Status","UHSES","time_6_12","Middle-late childhood (6-12 years)","Unrestricted","Improving from High Low SES",417,"VLNC","Violence exposure","Mediator",6,417,123,0.294964028776978,0.548904076738609
"Univariate Household Socioeconomic Status","UHSES","time_6_12","Middle-late childhood (6-12 years)","Unrestricted","Late Improvement from Chronic Low SES",448,"DNKA","Alcohol use","Mediator",2,448,163,0.363839285714286,0.604689732142857
"Univariate Household Socioeconomic Status","UHSES","time_6_12","Middle-late childhood (6-12 years)","Unrestricted","Late Improvement from Chronic Low SES",448,"DPBN","Depression","Outcome",1,444,25,0.0563063063063063,0.604689732142857
"Univariate Household Socioeconomic Status","UHSES","time_6_12","Middle-late childhood (6-12 years)","Unrestricted","Late Improvement from Chronic Low SES",448,"ESXC","Ever had sexual intercourse","Mediator",3,435,204,0.468965517241379,0.604689732142857
"Univariate Household Socioeconomic Status","UHSES","time_6_12","Middle-late childhood (6-12 years)","Unrestricted","Late Improvement from Chronic Low SES",448,"FDSC","Food insecurity","Mediator",4,448,132,0.294642857142857,0.604689732142857
"Univariate Household Socioeconomic Status","UHSES","time_6_12","Middle-late childhood (6-12 years)","Unrestricted","Late Improvement from Chronic Low SES",448,"GOVG","No government grant receipt","Mediator",5,448,265,0.591517857142857,0.604689732142857
"Univariate Household Socioeconomic Status","UHSES","time_6_12","Middle-late childhood (6-12 years)","Unrestricted","Late Improvement from Chronic Low SES",448,"SCHL","School disengagement","Mediator",8,448,146,0.325892857142857,0.604689732142857
"Univariate Household Socioeconomic Status","UHSES","time_6_12","Middle-late childhood (6-12 years)","Unrestricted","Late Improvement from Chronic Low SES",448,"SCSP","Low social support","Mediator",7,448,47,0.104910714285714,0.604689732142857
"Univariate Household Socioeconomic Status","UHSES","time_6_12","Middle-late childhood (6-12 years)","Unrestricted","Late Improvement from Chronic Low SES",448,"VLNC","Violence exposure","Mediator",6,448,149,0.332589285714286,0.604689732142857
"Univariate Household Socioeconomic Status","UHSES","time_6_12","Middle-late childhood (6-12 years)","Unrestricted","Minimal Low SES",766,"DNKA","Alcohol use","Mediator",2,766,266,0.347258485639687,0.575462140992167
"Univariate Household Socioeconomic Status","UHSES","time_6_12","Middle-late childhood (6-12 years)","Unrestricted","Minimal Low SES",766,"DPBN","Depression","Outcome",1,759,35,0.0461133069828722,0.575462140992167
"Univariate Household Socioeconomic Status","UHSES","time_6_12","Middle-late childhood (6-12 years)","Unrestricted","Minimal Low SES",766,"ESXC","Ever had sexual intercourse","Mediator",3,745,251,0.336912751677852,0.575462140992167
"Univariate Household Socioeconomic Status","UHSES","time_6_12","Middle-late childhood (6-12 years)","Unrestricted","Minimal Low SES",766,"FDSC","Food insecurity","Mediator",4,766,198,0.258485639686684,0.575462140992167
"Univariate Household Socioeconomic Status","UHSES","time_6_12","Middle-late childhood (6-12 years)","Unrestricted","Minimal Low SES",766,"GOVG","No government grant receipt","Mediator",5,766,415,0.54177545691906,0.575462140992167
"Univariate Household Socioeconomic Status","UHSES","time_6_12","Middle-late childhood (6-12 years)","Unrestricted","Minimal Low SES",766,"SCHL","School disengagement","Mediator",8,766,147,0.191906005221932,0.575462140992167
"Univariate Household Socioeconomic Status","UHSES","time_6_12","Middle-late childhood (6-12 years)","Unrestricted","Minimal Low SES",766,"SCSP","Low social support","Mediator",7,766,84,0.109660574412533,0.575462140992167
"Univariate Household Socioeconomic Status","UHSES","time_6_12","Middle-late childhood (6-12 years)","Unrestricted","Minimal Low SES",766,"VLNC","Violence exposure","Mediator",6,766,209,0.272845953002611,0.575462140992167
"Univariate Household Socioeconomic Status","UHSES","time_6_12","Middle-late childhood (6-12 years)","Unrestricted","Persistent Moderate Low SES",319,"DNKA","Alcohol use","Mediator",2,319,118,0.369905956112853,0.604595611285267
"Univariate Household Socioeconomic Status","UHSES","time_6_12","Middle-late childhood (6-12 years)","Unrestricted","Persistent Moderate Low SES",319,"DPBN","Depression","Outcome",1,315,18,0.0571428571428571,0.604595611285267
"Univariate Household Socioeconomic Status","UHSES","time_6_12","Middle-late childhood (6-12 years)","Unrestricted","Persistent Moderate Low SES",319,"ESXC","Ever had sexual intercourse","Mediator",3,311,149,0.479099678456592,0.604595611285267
"Univariate Household Socioeconomic Status","UHSES","time_6_12","Middle-late childhood (6-12 years)","Unrestricted","Persistent Moderate Low SES",319,"FDSC","Food insecurity","Mediator",4,319,94,0.294670846394984,0.604595611285267
"Univariate Household Socioeconomic Status","UHSES","time_6_12","Middle-late childhood (6-12 years)","Unrestricted","Persistent Moderate Low SES",319,"GOVG","No government grant receipt","Mediator",5,319,182,0.570532915360502,0.604595611285267
"Univariate Household Socioeconomic Status","UHSES","time_6_12","Middle-late childhood (6-12 years)","Unrestricted","Persistent Moderate Low SES",319,"SCHL","School disengagement","Mediator",8,319,97,0.304075235109718,0.604595611285267
"Univariate Household Socioeconomic Status","UHSES","time_6_12","Middle-late childhood (6-12 years)","Unrestricted","Persistent Moderate Low SES",319,"SCSP","Low social support","Mediator",7,319,31,0.0971786833855799,0.604595611285267
"Univariate Household Socioeconomic Status","UHSES","time_6_12","Middle-late childhood (6-12 years)","Unrestricted","Persistent Moderate Low SES",319,"VLNC","Violence exposure","Mediator",6,319,103,0.322884012539185,0.604595611285267
"Univariate Household Socioeconomic Status","UHSES","time_6_12","Middle-late childhood (6-12 years)","Unrestricted","Stable Higher SES",686,"DNKA","Alcohol use","Mediator",2,686,241,0.35131195335277,0.74998833819242
"Univariate Household Socioeconomic Status","UHSES","time_6_12","Middle-late childhood (6-12 years)","Unrestricted","Stable Higher SES",686,"DPBN","Depression","Outcome",1,680,34,0.05,0.74998833819242
"Univariate Household Socioeconomic Status","UHSES","time_6_12","Middle-late childhood (6-12 years)","Unrestricted","Stable Higher SES",686,"ESXC","Ever had sexual intercourse","Mediator",3,674,195,0.289317507418398,0.74998833819242
"Univariate Household Socioeconomic Status","UHSES","time_6_12","Middle-late childhood (6-12 years)","Unrestricted","Stable Higher SES",686,"FDSC","Food insecurity","Mediator",4,686,123,0.17930029154519,0.74998833819242
"Univariate Household Socioeconomic Status","UHSES","time_6_12","Middle-late childhood (6-12 years)","Unrestricted","Stable Higher SES",686,"GOVG","No government grant receipt","Mediator",5,686,406,0.591836734693878,0.74998833819242
"Univariate Household Socioeconomic Status","UHSES","time_6_12","Middle-late childhood (6-12 years)","Unrestricted","Stable Higher SES",686,"SCHL","School disengagement","Mediator",8,686,127,0.185131195335277,0.74998833819242
"Univariate Household Socioeconomic Status","UHSES","time_6_12","Middle-late childhood (6-12 years)","Unrestricted","Stable Higher SES",686,"SCSP","Low social support","Mediator",7,685,68,0.0992700729927007,0.74998833819242
"Univariate Household Socioeconomic Status","UHSES","time_6_12","Middle-late childhood (6-12 years)","Unrestricted","Stable Higher SES",686,"VLNC","Violence exposure","Mediator",6,686,216,0.314868804664723,0.74998833819242
