"model","pv_draw_id","n_used"
"ULWOM",1,3743
"ULWOM",2,3743
"ULWOM",3,3743
"ULWOM",4,3743
"ULWOM",5,3743
"ULWOM",6,3743
"ULWOM",7,3743
"ULWOM",8,3743
"ULWOM",9,3743
"ULWOM",10,3743
"ULWOM",11,3743
"ULWOM",12,3743
"ULWOM",13,3743
"ULWOM",14,3743
"ULWOM",15,3743
"ULWOM",16,3743
"ULWOM",17,3743
"ULWOM",18,3743
"ULWOM",19,3743
"ULWOM",20,3743
"ULWOM",21,3743
"ULWOM",22,3743
"ULWOM",23,3743
"ULWOM",24,3743
"ULWOM",25,3743
"ULWOM",26,3743
"ULWOM",27,3743
"ULWOM",28,3743
"ULWOM",29,3743
"ULWOM",30,3743
"ULWOM",31,3743
"ULWOM",32,3743
"ULWOM",33,3743
"ULWOM",34,3743
"ULWOM",35,3743
"ULWOM",36,3743
"ULWOM",37,3743
"ULWOM",38,3743
"ULWOM",39,3743
"ULWOM",40,3743
"ULWOM",41,3743
"ULWOM",42,3743
"ULWOM",43,3743
"ULWOM",44,3743
"ULWOM",45,3743
"ULWOM",46,3743
"ULWOM",47,3743
"ULWOM",48,3743
"ULWOM",49,3743
"ULWOM",50,3743
"ULWOM",51,3743
"ULWOM",52,3743
"ULWOM",53,3743
"ULWOM",54,3743
"ULWOM",55,3743
"ULWOM",56,3743
"ULWOM",57,3743
"ULWOM",58,3743
"ULWOM",59,3743
"ULWOM",60,3743
"ULWOM",61,3743
"ULWOM",62,3743
"ULWOM",63,3743
"ULWOM",64,3743
"ULWOM",65,3743
"ULWOM",66,3743
"ULWOM",67,3743
"ULWOM",68,3743
"ULWOM",69,3743
"ULWOM",70,3743
"ULWOM",71,3743
"ULWOM",72,3743
"ULWOM",73,3743
"ULWOM",74,3743
"ULWOM",75,3743
"ULWOM",76,3743
"ULWOM",77,3743
"ULWOM",78,3743
"ULWOM",79,3743
"ULWOM",80,3743
"ULWOM",81,3743
"ULWOM",82,3743
"ULWOM",83,3743
"ULWOM",84,3743
"ULWOM",85,3743
"ULWOM",86,3743
"ULWOM",87,3743
"ULWOM",88,3743
"ULWOM",89,3743
"ULWOM",90,3743
"ULWOM",91,3743
"ULWOM",92,3743
"ULWOM",93,3743
"ULWOM",94,3743
"ULWOM",95,3743
"ULWOM",96,3743
"ULWOM",97,3743
"ULWOM",98,3743
"ULWOM",99,3743
"ULWOM",100,3743
"ULWOF",1,2238
"ULWOF",2,2238
"ULWOF",3,2238
"ULWOF",4,2238
"ULWOF",5,2238
"ULWOF",6,2238
"ULWOF",7,2238
"ULWOF",8,2238
"ULWOF",9,2238
"ULWOF",10,2238
"ULWOF",11,2238
"ULWOF",12,2238
"ULWOF",13,2238
"ULWOF",14,2238
"ULWOF",15,2238
"ULWOF",16,2238
"ULWOF",17,2238
"ULWOF",18,2238
"ULWOF",19,2238
"ULWOF",20,2238
"ULWOF",21,2238
"ULWOF",22,2238
"ULWOF",23,2238
"ULWOF",24,2238
"ULWOF",25,2238
"ULWOF",26,2238
"ULWOF",27,2238
"ULWOF",28,2238
"ULWOF",29,2238
"ULWOF",30,2238
"ULWOF",31,2238
"ULWOF",32,2238
"ULWOF",33,2238
"ULWOF",34,2238
"ULWOF",35,2238
"ULWOF",36,2238
"ULWOF",37,2238
"ULWOF",38,2238
"ULWOF",39,2238
"ULWOF",40,2238
"ULWOF",41,2238
"ULWOF",42,2238
"ULWOF",43,2238
"ULWOF",44,2238
"ULWOF",45,2238
"ULWOF",46,2238
"ULWOF",47,2238
"ULWOF",48,2238
"ULWOF",49,2238
"ULWOF",50,2238
"ULWOF",51,2238
"ULWOF",52,2238
"ULWOF",53,2238
"ULWOF",54,2238
"ULWOF",55,2238
"ULWOF",56,2238
"ULWOF",57,2238
"ULWOF",58,2238
"ULWOF",59,2238
"ULWOF",60,2238
"ULWOF",61,2238
"ULWOF",62,2238
"ULWOF",63,2238
"ULWOF",64,2238
"ULWOF",65,2238
"ULWOF",66,2238
"ULWOF",67,2238
"ULWOF",68,2238
"ULWOF",69,2238
"ULWOF",70,2238
"ULWOF",71,2238
"ULWOF",72,2238
"ULWOF",73,2238
"ULWOF",74,2238
"ULWOF",75,2238
"ULWOF",76,2238
"ULWOF",77,2238
"ULWOF",78,2238
"ULWOF",79,2238
"ULWOF",80,2238
"ULWOF",81,2238
"ULWOF",82,2238
"ULWOF",83,2238
"ULWOF",84,2238
"ULWOF",85,2238
"ULWOF",86,2238
"ULWOF",87,2238
"ULWOF",88,2238
"ULWOF",89,2238
"ULWOF",90,2238
"ULWOF",91,2238
"ULWOF",92,2238
"ULWOF",93,2238
"ULWOF",94,2238
"ULWOF",95,2238
"ULWOF",96,2238
"ULWOF",97,2238
"ULWOF",98,2238
"ULWOF",99,2238
"ULWOF",100,2238
"UHSES",1,2765
"UHSES",2,2765
"UHSES",3,2765
"UHSES",4,2765
"UHSES",5,2765
"UHSES",6,2765
"UHSES",7,2765
"UHSES",8,2765
"UHSES",9,2765
"UHSES",10,2765
"UHSES",11,2765
"UHSES",12,2765
"UHSES",13,2765
"UHSES",14,2765
"UHSES",15,2765
"UHSES",16,2765
"UHSES",17,2765
"UHSES",18,2765
"UHSES",19,2765
"UHSES",20,2765
"UHSES",21,2765
"UHSES",22,2765
"UHSES",23,2765
"UHSES",24,2765
"UHSES",25,2765
"UHSES",26,2765
"UHSES",27,2765
"UHSES",28,2765
"UHSES",29,2765
"UHSES",30,2765
"UHSES",31,2765
"UHSES",32,2765
"UHSES",33,2765
"UHSES",34,2765
"UHSES",35,2765
"UHSES",36,2765
"UHSES",37,2765
"UHSES",38,2765
"UHSES",39,2765
"UHSES",40,2765
"UHSES",41,2765
"UHSES",42,2765
"UHSES",43,2765
"UHSES",44,2765
"UHSES",45,2765
"UHSES",46,2765
"UHSES",47,2765
"UHSES",48,2765
"UHSES",49,2765
"UHSES",50,2765
"UHSES",51,2765
"UHSES",52,2765
"UHSES",53,2765
"UHSES",54,2765
"UHSES",55,2765
"UHSES",56,2765
"UHSES",57,2765
"UHSES",58,2765
"UHSES",59,2765
"UHSES",60,2765
"UHSES",61,2765
"UHSES",62,2765
"UHSES",63,2765
"UHSES",64,2765
"UHSES",65,2765
"UHSES",66,2765
"UHSES",67,2765
"UHSES",68,2765
"UHSES",69,2765
"UHSES",70,2765
"UHSES",71,2765
"UHSES",72,2765
"UHSES",73,2765
"UHSES",74,2765
"UHSES",75,2765
"UHSES",76,2765
"UHSES",77,2765
"UHSES",78,2765
"UHSES",79,2765
"UHSES",80,2765
"UHSES",81,2765
"UHSES",82,2765
"UHSES",83,2765
"UHSES",84,2765
"UHSES",85,2765
"UHSES",86,2765
"UHSES",87,2765
"UHSES",88,2765
"UHSES",89,2765
"UHSES",90,2765
"UHSES",91,2765
"UHSES",92,2765
"UHSES",93,2765
"UHSES",94,2765
"UHSES",95,2765
"UHSES",96,2765
"UHSES",97,2765
"UHSES",98,2765
"UHSES",99,2765
"UHSES",100,2765
"JPA",1,3977
"JPA",2,3977
"JPA",3,3977
"JPA",4,3977
"JPA",5,3977
"JPA",6,3977
"JPA",7,3977
"JPA",8,3977
"JPA",9,3977
"JPA",10,3977
"JPA",11,3977
"JPA",12,3977
"JPA",13,3977
"JPA",14,3977
"JPA",15,3977
"JPA",16,3977
"JPA",17,3977
"JPA",18,3977
"JPA",19,3977
"JPA",20,3977
"JPA",21,3977
"JPA",22,3977
"JPA",23,3977
"JPA",24,3977
"JPA",25,3977
"JPA",26,3977
"JPA",27,3977
"JPA",28,3977
"JPA",29,3977
"JPA",30,3977
"JPA",31,3977
"JPA",32,3977
"JPA",33,3977
"JPA",34,3977
"JPA",35,3977
"JPA",36,3977
"JPA",37,3977
"JPA",38,3977
"JPA",39,3977
"JPA",40,3977
"JPA",41,3977
"JPA",42,3977
"JPA",43,3977
"JPA",44,3977
"JPA",45,3977
"JPA",46,3977
"JPA",47,3977
"JPA",48,3977
"JPA",49,3977
"JPA",50,3977
"JPA",51,3977
"JPA",52,3977
"JPA",53,3977
"JPA",54,3977
"JPA",55,3977
"JPA",56,3977
"JPA",57,3977
"JPA",58,3977
"JPA",59,3977
"JPA",60,3977
"JPA",61,3977
"JPA",62,3977
"JPA",63,3977
"JPA",64,3977
"JPA",65,3977
"JPA",66,3977
"JPA",67,3977
"JPA",68,3977
"JPA",69,3977
"JPA",70,3977
"JPA",71,3977
"JPA",72,3977
"JPA",73,3977
"JPA",74,3977
"JPA",75,3977
"JPA",76,3977
"JPA",77,3977
"JPA",78,3977
"JPA",79,3977
"JPA",80,3977
"JPA",81,3977
"JPA",82,3977
"JPA",83,3977
"JPA",84,3977
"JPA",85,3977
"JPA",86,3977
"JPA",87,3977
"JPA",88,3977
"JPA",89,3977
"JPA",90,3977
"JPA",91,3977
"JPA",92,3977
"JPA",93,3977
"JPA",94,3977
"JPA",95,3977
"JPA",96,3977
"JPA",97,3977
"JPA",98,3977
"JPA",99,3977
"JPA",100,3977
"JPAES",1,4069
"JPAES",2,4069
"JPAES",3,4069
"JPAES",4,4069
"JPAES",5,4069
"JPAES",6,4069
"JPAES",7,4069
"JPAES",8,4069
"JPAES",9,4069
"JPAES",10,4069
"JPAES",11,4069
"JPAES",12,4069
"JPAES",13,4069
"JPAES",14,4069
"JPAES",15,4069
"JPAES",16,4069
"JPAES",17,4069
"JPAES",18,4069
"JPAES",19,4069
"JPAES",20,4069
"JPAES",21,4069
"JPAES",22,4069
"JPAES",23,4069
"JPAES",24,4069
"JPAES",25,4069
"JPAES",26,4069
"JPAES",27,4069
"JPAES",28,4069
"JPAES",29,4069
"JPAES",30,4069
"JPAES",31,4069
"JPAES",32,4069
"JPAES",33,4069
"JPAES",34,4069
"JPAES",35,4069
"JPAES",36,4069
"JPAES",37,4069
"JPAES",38,4069
"JPAES",39,4069
"JPAES",40,4069
"JPAES",41,4069
"JPAES",42,4069
"JPAES",43,4069
"JPAES",44,4069
"JPAES",45,4069
"JPAES",46,4069
"JPAES",47,4069
"JPAES",48,4069
"JPAES",49,4069
"JPAES",50,4069
"JPAES",51,4069
"JPAES",52,4069
"JPAES",53,4069
"JPAES",54,4069
"JPAES",55,4069
"JPAES",56,4069
"JPAES",57,4069
"JPAES",58,4069
"JPAES",59,4069
"JPAES",60,4069
"JPAES",61,4069
"JPAES",62,4069
"JPAES",63,4069
"JPAES",64,4069
"JPAES",65,4069
"JPAES",66,4069
"JPAES",67,4069
"JPAES",68,4069
"JPAES",69,4069
"JPAES",70,4069
"JPAES",71,4069
"JPAES",72,4069
"JPAES",73,4069
"JPAES",74,4069
"JPAES",75,4069
"JPAES",76,4069
"JPAES",77,4069
"JPAES",78,4069
"JPAES",79,4069
"JPAES",80,4069
"JPAES",81,4069
"JPAES",82,4069
"JPAES",83,4069
"JPAES",84,4069
"JPAES",85,4069
"JPAES",86,4069
"JPAES",87,4069
"JPAES",88,4069
"JPAES",89,4069
"JPAES",90,4069
"JPAES",91,4069
"JPAES",92,4069
"JPAES",93,4069
"JPAES",94,4069
"JPAES",95,4069
"JPAES",96,4069
"JPAES",97,4069
"JPAES",98,4069
"JPAES",99,4069
"JPAES",100,4069
