model_code,response,response_label,path,hypothesis_id,hypothesis,role,window,reference_label,comparator_label,expected_direction,contrast_label,hypothesis_supported,effect_group,effect_type,term,estimate,std.error,statistic,p.value,conf.low,conf.high,odds_ratio,or_conf.low,or_conf.high,class,class_window,class_label,benchmark_class,benchmark_label,term_label,n_subjects,n_pseudo_rows,total_weight
JMAES,DNKA,Alcohol use,A,H1,Hypothesis 1. The lowest-adversity retained joint maternal absence and household socioeconomic status class within each window will be associated with lower pathway risk than the higher-adversity retained classes.,primary,Early childhood,"Low Maternal Absence, Improving SES","Rising Maternal Absence, Low SES",higher,"H1: Rising Maternal Absence, Low SES vs Low Maternal Absence, Improving SES",FALSE,Two-window class history,early_class,early_class1,0.029987885612426206,0.1502244261791837,0.19962057020379267,0.8417773388737714,-0.2644519896987738,0.32442776092362624,1.030442050703529,0.76762650196249,1.383238876124654,1,Early Childhood (0–5 Years),"Rising Maternal Absence, Low SES",2,"Low Maternal Absence, Improving SES","Early: Rising Maternal Absence, Low SES vs Low Maternal Absence, Improving SES",3454,31111,3453.3850280001157
JMAES,DNKA,Alcohol use,A,H1,Hypothesis 1. The lowest-adversity retained joint maternal absence and household socioeconomic status class within each window will be associated with lower pathway risk than the higher-adversity retained classes.,primary,Early childhood,"Low Maternal Absence, Improving SES","Low Maternal Absence, Low SES",higher,"H1: Low Maternal Absence, Low SES vs Low Maternal Absence, Improving SES",FALSE,Two-window class history,early_class,early_class3,-0.10822083646533256,0.1610107217208599,-0.6721343480029375,0.5014981716412374,-0.423801851038218,0.20736017810755283,0.8974293894113284,0.6545535681697988,1.230425664367114,3,Early Childhood (0–5 Years),"Low Maternal Absence, Low SES",2,"Low Maternal Absence, Improving SES","Early: Low Maternal Absence, Low SES vs Low Maternal Absence, Improving SES",3454,31111,3453.3850280001157
JMAES,DNKA,Alcohol use,A,H1,Hypothesis 1. The lowest-adversity retained joint maternal absence and household socioeconomic status class within each window will be associated with lower pathway risk than the higher-adversity retained classes.,primary,Early childhood,"Low Maternal Absence, Improving SES","High Maternal Absence, Low SES",higher,"H1: High Maternal Absence, Low SES vs Low Maternal Absence, Improving SES",FALSE,Two-window class history,early_class,early_class4,-0.21565627107505822,0.14475015315807677,-1.489851764367719,0.13626321684968265,-0.4993665712648887,0.06805402911477224,0.8060123040066757,0.6069149753666607,1.0704231409311784,4,Early Childhood (0–5 Years),"High Maternal Absence, Low SES",2,"Low Maternal Absence, Improving SES","Early: High Maternal Absence, Low SES vs Low Maternal Absence, Improving SES",3454,31111,3453.3850280001157
JMAES,DNKA,Alcohol use,A,H1,Hypothesis 1. The lowest-adversity retained joint maternal absence and household socioeconomic status class within each window will be associated with lower pathway risk than the higher-adversity retained classes.,primary,Middle-late childhood,"Low Maternal Absence, Higher SES","Rising Maternal Absence, Improving SES",higher,"H1: Rising Maternal Absence, Improving SES vs Low Maternal Absence, Higher SES",FALSE,Two-window class history,mid_class,mid_class1,0.20943273932332077,0.1550339143228694,1.3508833872771984,0.17673279062720337,-0.09443373274950326,0.5132992113961448,1.2329784413574685,0.9098880284061588,1.6707944157868229,1,Middle–Late Childhood (6–12 Years),"Rising Maternal Absence, Improving SES",6,"Low Maternal Absence, Higher SES","Middle-late: Rising Maternal Absence, Improving SES vs Low Maternal Absence, Higher SES",3454,31111,3453.3850280001157
JMAES,DNKA,Alcohol use,A,H1,Hypothesis 1. The lowest-adversity retained joint maternal absence and household socioeconomic status class within each window will be associated with lower pathway risk than the higher-adversity retained classes.,primary,Middle-late childhood,"Low Maternal Absence, Higher SES","Low Maternal Absence, Low SES",higher,"H1: Low Maternal Absence, Low SES vs Low Maternal Absence, Higher SES",FALSE,Two-window class history,mid_class,mid_class2,0.03107306785913481,0.09817424663804387,0.3165093588514849,0.7516159226922602,-0.16134845555143118,0.22349459126970078,1.0315608750775926,0.8509954853355648,1.250438876971533,2,Middle–Late Childhood (6–12 Years),"Low Maternal Absence, Low SES",6,"Low Maternal Absence, Higher SES","Middle-late: Low Maternal Absence, Low SES vs Low Maternal Absence, Higher SES",3454,31111,3453.3850280001157
JMAES,DNKA,Alcohol use,A,H1,Hypothesis 1. The lowest-adversity retained joint maternal absence and household socioeconomic status class within each window will be associated with lower pathway risk than the higher-adversity retained classes.,primary,Middle-late childhood,"Low Maternal Absence, Higher SES","High Maternal Absence, Improving SES",higher,"H1: High Maternal Absence, Improving SES vs Low Maternal Absence, Higher SES",TRUE,Two-window class history,mid_class,mid_class3,0.23006635737731992,0.1154961196883171,1.9919834363109954,0.04637287528278042,0.0036939627882184023,0.4564387519664215,1.2586835300962906,1.003700793877432,1.578442737716043,3,Middle–Late Childhood (6–12 Years),"High Maternal Absence, Improving SES",6,"Low Maternal Absence, Higher SES","Middle-late: High Maternal Absence, Improving SES vs Low Maternal Absence, Higher SES",3454,31111,3453.3850280001157
JMAES,DNKA,Alcohol use,A,H1,Hypothesis 1. The lowest-adversity retained joint maternal absence and household socioeconomic status class within each window will be associated with lower pathway risk than the higher-adversity retained classes.,primary,Middle-late childhood,"Low Maternal Absence, Higher SES","High Maternal Absence, Low SES",higher,"H1: High Maternal Absence, Low SES vs Low Maternal Absence, Higher SES",FALSE,Two-window class history,mid_class,mid_class5,-0.002796790382212503,0.13802702953017684,-0.020262628209361273,0.9838338680305503,-0.2733297682613591,0.2677361874969341,0.997207116992457,0.7608418447623955,1.307002290983296,5,Middle–Late Childhood (6–12 Years),"High Maternal Absence, Low SES",6,"Low Maternal Absence, Higher SES","Middle-late: High Maternal Absence, Low SES vs Low Maternal Absence, Higher SES",3454,31111,3453.3850280001157
JMAES,DNKA,Alcohol use,A,H1,Hypothesis 1. The lowest-adversity retained joint maternal absence and household socioeconomic status class within each window will be associated with lower pathway risk than the higher-adversity retained classes.,primary,Middle-late childhood,"Low Maternal Absence, Higher SES","Low Maternal Absence, Improving SES",higher,"H1: Low Maternal Absence, Improving SES vs Low Maternal Absence, Higher SES",FALSE,Two-window class history,mid_class,mid_class7,0.14661903599098444,0.12926184854897946,1.1342792760342435,0.2566774193519481,-0.10673418716501529,0.3999722591469842,1.1579127559075937,0.8987645443928856,1.491783313725623,7,Middle–Late Childhood (6–12 Years),"Low Maternal Absence, Improving SES",6,"Low Maternal Absence, Higher SES","Middle-late: Low Maternal Absence, Improving SES vs Low Maternal Absence, Higher SES",3454,31111,3453.3850280001157
JMAES,ESXC,Ever had sexual intercourse,A,H1,Hypothesis 1. The lowest-adversity retained joint maternal absence and household socioeconomic status class within each window will be associated with lower pathway risk than the higher-adversity retained classes.,primary,Early childhood,"Low Maternal Absence, Improving SES","Rising Maternal Absence, Low SES",higher,"H1: Rising Maternal Absence, Low SES vs Low Maternal Absence, Improving SES",FALSE,Two-window class history,early_class,early_class1,0.23326145608194454,0.1913215015349225,1.2192119244860025,0.22276376717049604,-0.14172868692650353,0.6082515990903926,1.2627115797942725,0.8678566854116706,1.8372163982238836,1,Early Childhood (0–5 Years),"Rising Maternal Absence, Low SES",2,"Low Maternal Absence, Improving SES","Early: Rising Maternal Absence, Low SES vs Low Maternal Absence, Improving SES",3396,30567,3395.40302700012
JMAES,ESXC,Ever had sexual intercourse,A,H1,Hypothesis 1. The lowest-adversity retained joint maternal absence and household socioeconomic status class within each window will be associated with lower pathway risk than the higher-adversity retained classes.,primary,Early childhood,"Low Maternal Absence, Improving SES","Low Maternal Absence, Low SES",higher,"H1: Low Maternal Absence, Low SES vs Low Maternal Absence, Improving SES",FALSE,Two-window class history,early_class,early_class3,0.01806970637129053,0.20819337979156052,0.08679289605357095,0.9308361344438187,-0.3899893180201681,0.42612873076274915,1.0182339513099337,0.677064106844671,1.5313178901656035,3,Early Childhood (0–5 Years),"Low Maternal Absence, Low SES",2,"Low Maternal Absence, Improving SES","Early: Low Maternal Absence, Low SES vs Low Maternal Absence, Improving SES",3396,30567,3395.40302700012
JMAES,ESXC,Ever had sexual intercourse,A,H1,Hypothesis 1. The lowest-adversity retained joint maternal absence and household socioeconomic status class within each window will be associated with lower pathway risk than the higher-adversity retained classes.,primary,Early childhood,"Low Maternal Absence, Improving SES","High Maternal Absence, Low SES",higher,"H1: High Maternal Absence, Low SES vs Low Maternal Absence, Improving SES",FALSE,Two-window class history,early_class,early_class4,0.11364094105711148,0.18478646813742775,0.6149851891351452,0.5385645016212968,-0.2485405364922469,0.47582241860646984,1.1203497810478509,0.7799382442337336,1.609337202238555,4,Early Childhood (0–5 Years),"High Maternal Absence, Low SES",2,"Low Maternal Absence, Improving SES","Early: High Maternal Absence, Low SES vs Low Maternal Absence, Improving SES",3396,30567,3395.40302700012
JMAES,ESXC,Ever had sexual intercourse,A,H1,Hypothesis 1. The lowest-adversity retained joint maternal absence and household socioeconomic status class within each window will be associated with lower pathway risk than the higher-adversity retained classes.,primary,Middle-late childhood,"Low Maternal Absence, Higher SES","Rising Maternal Absence, Improving SES",higher,"H1: Rising Maternal Absence, Improving SES vs Low Maternal Absence, Higher SES",TRUE,Two-window class history,mid_class,mid_class1,0.5275515570106403,0.19680628415116466,2.680562560723081,0.007349852452144458,0.14181124007435753,0.913291873946923,1.6947776580062492,1.1523591087865694,2.4925140853892676,1,Middle–Late Childhood (6–12 Years),"Rising Maternal Absence, Improving SES",6,"Low Maternal Absence, Higher SES","Middle-late: Rising Maternal Absence, Improving SES vs Low Maternal Absence, Higher SES",3396,30567,3395.40302700012
JMAES,ESXC,Ever had sexual intercourse,A,H1,Hypothesis 1. The lowest-adversity retained joint maternal absence and household socioeconomic status class within each window will be associated with lower pathway risk than the higher-adversity retained classes.,primary,Middle-late childhood,"Low Maternal Absence, Higher SES","Low Maternal Absence, Low SES",higher,"H1: Low Maternal Absence, Low SES vs Low Maternal Absence, Higher SES",TRUE,Two-window class history,mid_class,mid_class2,0.2588532720007843,0.12277686777732116,2.1083228191670695,0.035003075422606916,0.018210611157234796,0.4994959328443338,1.2954437130183862,1.018377435455448,1.6478904138801294,2,Middle–Late Childhood (6–12 Years),"Low Maternal Absence, Low SES",6,"Low Maternal Absence, Higher SES","Middle-late: Low Maternal Absence, Low SES vs Low Maternal Absence, Higher SES",3396,30567,3395.40302700012
JMAES,ESXC,Ever had sexual intercourse,A,H1,Hypothesis 1. The lowest-adversity retained joint maternal absence and household socioeconomic status class within each window will be associated with lower pathway risk than the higher-adversity retained classes.,primary,Middle-late childhood,"Low Maternal Absence, Higher SES","High Maternal Absence, Improving SES",higher,"H1: High Maternal Absence, Improving SES vs Low Maternal Absence, Higher SES",FALSE,Two-window class history,mid_class,mid_class3,0.17202524130074517,0.14713826458551424,1.1691400723349368,0.24234720112894795,-0.11636575728686274,0.4604162398883531,1.1877078121256341,0.8901495850516917,1.5847334770170602,3,Middle–Late Childhood (6–12 Years),"High Maternal Absence, Improving SES",6,"Low Maternal Absence, Higher SES","Middle-late: High Maternal Absence, Improving SES vs Low Maternal Absence, Higher SES",3396,30567,3395.40302700012
JMAES,ESXC,Ever had sexual intercourse,A,H1,Hypothesis 1. The lowest-adversity retained joint maternal absence and household socioeconomic status class within each window will be associated with lower pathway risk than the higher-adversity retained classes.,primary,Middle-late childhood,"Low Maternal Absence, Higher SES","High Maternal Absence, Low SES",higher,"H1: High Maternal Absence, Low SES vs Low Maternal Absence, Higher SES",TRUE,Two-window class history,mid_class,mid_class5,0.37752653099645656,0.16650377194507102,2.267375246736159,0.023367312302282107,0.051179137984117384,0.7038739240087957,1.4586721433064218,1.0525114211706958,2.0215689624455644,5,Middle–Late Childhood (6–12 Years),"High Maternal Absence, Low SES",6,"Low Maternal Absence, Higher SES","Middle-late: High Maternal Absence, Low SES vs Low Maternal Absence, Higher SES",3396,30567,3395.40302700012
JMAES,ESXC,Ever had sexual intercourse,A,H1,Hypothesis 1. The lowest-adversity retained joint maternal absence and household socioeconomic status class within each window will be associated with lower pathway risk than the higher-adversity retained classes.,primary,Middle-late childhood,"Low Maternal Absence, Higher SES","Low Maternal Absence, Improving SES",higher,"H1: Low Maternal Absence, Improving SES vs Low Maternal Absence, Higher SES",FALSE,Two-window class history,mid_class,mid_class7,0.14740064727071406,0.16598351172637396,0.8880439131430475,0.374517130437575,-0.1779270357129789,0.472728330254407,1.1588181473645482,0.8370034926238815,1.6043654662081983,7,Middle–Late Childhood (6–12 Years),"Low Maternal Absence, Improving SES",6,"Low Maternal Absence, Higher SES","Middle-late: Low Maternal Absence, Improving SES vs Low Maternal Absence, Higher SES",3396,30567,3395.40302700012
JMAES,FDSC,Food insecurity,A,H1,Hypothesis 1. The lowest-adversity retained joint maternal absence and household socioeconomic status class within each window will be associated with lower pathway risk than the higher-adversity retained classes.,primary,Early childhood,"Low Maternal Absence, Improving SES","Rising Maternal Absence, Low SES",higher,"H1: Rising Maternal Absence, Low SES vs Low Maternal Absence, Improving SES",FALSE,Two-window class history,early_class,early_class1,0.0926603713488709,0.1643214166146356,0.5638971064020022,0.5728241594367838,-0.22940960521581488,0.4147303479135567,1.0970890691069022,0.7950028294990675,1.5139624425138738,1,Early Childhood (0–5 Years),"Rising Maternal Absence, Low SES",2,"Low Maternal Absence, Improving SES","Early: Rising Maternal Absence, Low SES vs Low Maternal Absence, Improving SES",3454,31111,3453.3850280001157
JMAES,FDSC,Food insecurity,A,H1,Hypothesis 1. The lowest-adversity retained joint maternal absence and household socioeconomic status class within each window will be associated with lower pathway risk than the higher-adversity retained classes.,primary,Early childhood,"Low Maternal Absence, Improving SES","Low Maternal Absence, Low SES",higher,"H1: Low Maternal Absence, Low SES vs Low Maternal Absence, Improving SES",FALSE,Two-window class history,early_class,early_class3,0.02320141686046226,0.1769786050124967,0.13109729765823375,0.8956983388705256,-0.32367664896403125,0.37007948268495583,1.0234726634387459,0.7234841439090935,1.4478496890707522,3,Early Childhood (0–5 Years),"Low Maternal Absence, Low SES",2,"Low Maternal Absence, Improving SES","Early: Low Maternal Absence, Low SES vs Low Maternal Absence, Improving SES",3454,31111,3453.3850280001157
JMAES,FDSC,Food insecurity,A,H1,Hypothesis 1. The lowest-adversity retained joint maternal absence and household socioeconomic status class within each window will be associated with lower pathway risk than the higher-adversity retained classes.,primary,Early childhood,"Low Maternal Absence, Improving SES","High Maternal Absence, Low SES",higher,"H1: High Maternal Absence, Low SES vs Low Maternal Absence, Improving SES",FALSE,Two-window class history,early_class,early_class4,0.2073156877105913,0.15822074135117176,1.3102939977411245,0.19009639721059435,-0.10279696533770535,0.517428340758888,1.2303709234586062,0.9023101551224062,1.6777076049720638,4,Early Childhood (0–5 Years),"High Maternal Absence, Low SES",2,"Low Maternal Absence, Improving SES","Early: High Maternal Absence, Low SES vs Low Maternal Absence, Improving SES",3454,31111,3453.3850280001157
JMAES,FDSC,Food insecurity,A,H1,Hypothesis 1. The lowest-adversity retained joint maternal absence and household socioeconomic status class within each window will be associated with lower pathway risk than the higher-adversity retained classes.,primary,Middle-late childhood,"Low Maternal Absence, Higher SES","Rising Maternal Absence, Improving SES",higher,"H1: Rising Maternal Absence, Improving SES vs Low Maternal Absence, Higher SES",FALSE,Two-window class history,mid_class,mid_class1,0.18448622226415234,0.15068875059343134,1.224286627486274,0.22084411975691187,-0.11086372889897306,0.47983617342727775,1.202600412059922,0.8950607115274993,1.6158096679481622,1,Middle–Late Childhood (6–12 Years),"Rising Maternal Absence, Improving SES",6,"Low Maternal Absence, Higher SES","Middle-late: Rising Maternal Absence, Improving SES vs Low Maternal Absence, Higher SES",3454,31111,3453.3850280001157
JMAES,FDSC,Food insecurity,A,H1,Hypothesis 1. The lowest-adversity retained joint maternal absence and household socioeconomic status class within each window will be associated with lower pathway risk than the higher-adversity retained classes.,primary,Middle-late childhood,"Low Maternal Absence, Higher SES","Low Maternal Absence, Low SES",higher,"H1: Low Maternal Absence, Low SES vs Low Maternal Absence, Higher SES",FALSE,Two-window class history,mid_class,mid_class2,-0.3363163873676183,0.09946126705156584,-3.3813804844578805,7.212259983019498e-4,-0.5312604707886873,-0.1413723039465493,0.7143970438562289,0.5878635176954496,0.8681660298826689,2,Middle–Late Childhood (6–12 Years),"Low Maternal Absence, Low SES",6,"Low Maternal Absence, Higher SES","Middle-late: Low Maternal Absence, Low SES vs Low Maternal Absence, Higher SES",3454,31111,3453.3850280001157
JMAES,FDSC,Food insecurity,A,H1,Hypothesis 1. The lowest-adversity retained joint maternal absence and household socioeconomic status class within each window will be associated with lower pathway risk than the higher-adversity retained classes.,primary,Middle-late childhood,"Low Maternal Absence, Higher SES","High Maternal Absence, Improving SES",higher,"H1: High Maternal Absence, Improving SES vs Low Maternal Absence, Higher SES",FALSE,Two-window class history,mid_class,mid_class3,-0.6568184382384501,0.12142300898218893,-5.409340813937466,6.32571487021657e-8,-0.8948075358435403,-0.4188293406333598,0.5184983475815564,0.408686248526043,0.657816448227455,3,Middle–Late Childhood (6–12 Years),"High Maternal Absence, Improving SES",6,"Low Maternal Absence, Higher SES","Middle-late: High Maternal Absence, Improving SES vs Low Maternal Absence, Higher SES",3454,31111,3453.3850280001157
JMAES,FDSC,Food insecurity,A,H1,Hypothesis 1. The lowest-adversity retained joint maternal absence and household socioeconomic status class within each window will be associated with lower pathway risk than the higher-adversity retained classes.,primary,Middle-late childhood,"Low Maternal Absence, Higher SES","High Maternal Absence, Low SES",higher,"H1: High Maternal Absence, Low SES vs Low Maternal Absence, Higher SES",FALSE,Two-window class history,mid_class,mid_class5,0.06354361525790037,0.13704824738270366,0.4636587221758223,0.6428922753095585,-0.2050709496121988,0.3321581801279995,1.065605961466765,0.814589519550593,1.3939733299539256,5,Middle–Late Childhood (6–12 Years),"High Maternal Absence, Low SES",6,"Low Maternal Absence, Higher SES","Middle-late: High Maternal Absence, Low SES vs Low Maternal Absence, Higher SES",3454,31111,3453.3850280001157
JMAES,FDSC,Food insecurity,A,H1,Hypothesis 1. The lowest-adversity retained joint maternal absence and household socioeconomic status class within each window will be associated with lower pathway risk than the higher-adversity retained classes.,primary,Middle-late childhood,"Low Maternal Absence, Higher SES","Low Maternal Absence, Improving SES",higher,"H1: Low Maternal Absence, Improving SES vs Low Maternal Absence, Higher SES",FALSE,Two-window class history,mid_class,mid_class7,-0.5506971278091061,0.1372273098980205,-4.013028661848379,5.994463145489949e-5,-0.8196626552092263,-0.28173160040898587,0.576547742785746,0.44058025689405017,0.7544761584522733,7,Middle–Late Childhood (6–12 Years),"Low Maternal Absence, Improving SES",6,"Low Maternal Absence, Higher SES","Middle-late: Low Maternal Absence, Improving SES vs Low Maternal Absence, Higher SES",3454,31111,3453.3850280001157
JMAES,GOVG,Lack of government grant receipt,A,H1,Hypothesis 1. The lowest-adversity retained joint maternal absence and household socioeconomic status class within each window will be associated with lower pathway risk than the higher-adversity retained classes.,primary,Early childhood,"Low Maternal Absence, Improving SES","Rising Maternal Absence, Low SES",higher,"H1: Rising Maternal Absence, Low SES vs Low Maternal Absence, Improving SES",FALSE,Two-window class history,early_class,early_class1,-0.19283655419747406,0.15881552947864885,-1.2142172420449537,0.22466477806200844,-0.5041149919756258,0.11844188358067767,0.824616743270464,0.6040399191183987,1.125741448138794,1,Early Childhood (0–5 Years),"Rising Maternal Absence, Low SES",2,"Low Maternal Absence, Improving SES","Early: Rising Maternal Absence, Low SES vs Low Maternal Absence, Improving SES",3454,31111,3453.3850280001157
JMAES,GOVG,Lack of government grant receipt,A,H1,Hypothesis 1. The lowest-adversity retained joint maternal absence and household socioeconomic status class within each window will be associated with lower pathway risk than the higher-adversity retained classes.,primary,Early childhood,"Low Maternal Absence, Improving SES","Low Maternal Absence, Low SES",higher,"H1: Low Maternal Absence, Low SES vs Low Maternal Absence, Improving SES",FALSE,Two-window class history,early_class,early_class3,-0.17588015763216974,0.16765710865123015,-1.049046825673498,0.2941565675680944,-0.5044880905885809,0.15272777532424137,0.8387184913243394,0.6038145946991341,1.16500779190322,3,Early Childhood (0–5 Years),"Low Maternal Absence, Low SES",2,"Low Maternal Absence, Improving SES","Early: Low Maternal Absence, Low SES vs Low Maternal Absence, Improving SES",3454,31111,3453.3850280001157
JMAES,GOVG,Lack of government grant receipt,A,H1,Hypothesis 1. The lowest-adversity retained joint maternal absence and household socioeconomic status class within each window will be associated with lower pathway risk than the higher-adversity retained classes.,primary,Early childhood,"Low Maternal Absence, Improving SES","High Maternal Absence, Low SES",higher,"H1: High Maternal Absence, Low SES vs Low Maternal Absence, Improving SES",FALSE,Two-window class history,early_class,early_class4,-0.34729841215611873,0.14907339072768594,-2.3297143136063276,0.01982125551936062,-0.6394822579823831,-0.055114566329854286,0.7065944404230995,0.527565496170904,0.9463767188351029,4,Early Childhood (0–5 Years),"High Maternal Absence, Low SES",2,"Low Maternal Absence, Improving SES","Early: High Maternal Absence, Low SES vs Low Maternal Absence, Improving SES",3454,31111,3453.3850280001157
JMAES,GOVG,Lack of government grant receipt,A,H1,Hypothesis 1. The lowest-adversity retained joint maternal absence and household socioeconomic status class within each window will be associated with lower pathway risk than the higher-adversity retained classes.,primary,Middle-late childhood,"Low Maternal Absence, Higher SES","Rising Maternal Absence, Improving SES",higher,"H1: Rising Maternal Absence, Improving SES vs Low Maternal Absence, Higher SES",FALSE,Two-window class history,mid_class,mid_class1,-0.012127034121691173,0.15355281508106305,-0.0789763060696029,0.9370514692024641,-0.31309055168057476,0.28883648343719237,0.9879462020119684,0.7311836996582691,1.3348734367656723,1,Middle–Late Childhood (6–12 Years),"Rising Maternal Absence, Improving SES",6,"Low Maternal Absence, Higher SES","Middle-late: Rising Maternal Absence, Improving SES vs Low Maternal Absence, Higher SES",3454,31111,3453.3850280001157
JMAES,GOVG,Lack of government grant receipt,A,H1,Hypothesis 1. The lowest-adversity retained joint maternal absence and household socioeconomic status class within each window will be associated with lower pathway risk than the higher-adversity retained classes.,primary,Middle-late childhood,"Low Maternal Absence, Higher SES","Low Maternal Absence, Low SES",higher,"H1: Low Maternal Absence, Low SES vs Low Maternal Absence, Higher SES",FALSE,Two-window class history,mid_class,mid_class2,0.040266681815772344,0.09841826245121667,0.4091383124725604,0.6824381615055022,-0.15263311258861234,0.23316647622015702,1.0410883765136256,0.8584446165655923,1.2625916533183363,2,Middle–Late Childhood (6–12 Years),"Low Maternal Absence, Low SES",6,"Low Maternal Absence, Higher SES","Middle-late: Low Maternal Absence, Low SES vs Low Maternal Absence, Higher SES",3454,31111,3453.3850280001157
JMAES,GOVG,Lack of government grant receipt,A,H1,Hypothesis 1. The lowest-adversity retained joint maternal absence and household socioeconomic status class within each window will be associated with lower pathway risk than the higher-adversity retained classes.,primary,Middle-late childhood,"Low Maternal Absence, Higher SES","High Maternal Absence, Improving SES",higher,"H1: High Maternal Absence, Improving SES vs Low Maternal Absence, Higher SES",FALSE,Two-window class history,mid_class,mid_class3,0.18312789885529385,0.11838017384855229,1.546947372197438,0.12187593660121585,-0.04889724188786865,0.41515303959845634,1.2009680006909949,0.9522789790611216,1.5146025171171509,3,Middle–Late Childhood (6–12 Years),"High Maternal Absence, Improving SES",6,"Low Maternal Absence, Higher SES","Middle-late: High Maternal Absence, Improving SES vs Low Maternal Absence, Higher SES",3454,31111,3453.3850280001157
JMAES,GOVG,Lack of government grant receipt,A,H1,Hypothesis 1. The lowest-adversity retained joint maternal absence and household socioeconomic status class within each window will be associated with lower pathway risk than the higher-adversity retained classes.,primary,Middle-late childhood,"Low Maternal Absence, Higher SES","High Maternal Absence, Low SES",higher,"H1: High Maternal Absence, Low SES vs Low Maternal Absence, Higher SES",FALSE,Two-window class history,mid_class,mid_class5,-0.10364647592575384,0.14710650736307107,-0.7045675802087105,0.48107937985393345,-0.39197523035737314,0.1846822785058655,0.9015439585840402,0.6757208511173362,1.202836212491311,5,Middle–Late Childhood (6–12 Years),"High Maternal Absence, Low SES",6,"Low Maternal Absence, Higher SES","Middle-late: High Maternal Absence, Low SES vs Low Maternal Absence, Higher SES",3454,31111,3453.3850280001157
JMAES,GOVG,Lack of government grant receipt,A,H1,Hypothesis 1. The lowest-adversity retained joint maternal absence and household socioeconomic status class within each window will be associated with lower pathway risk than the higher-adversity retained classes.,primary,Middle-late childhood,"Low Maternal Absence, Higher SES","Low Maternal Absence, Improving SES",higher,"H1: Low Maternal Absence, Improving SES vs Low Maternal Absence, Higher SES",FALSE,Two-window class history,mid_class,mid_class7,-0.0988597208500043,0.12805173212878168,-0.7720295477969875,0.4400969272612949,-0.3498411158224164,0.15212167412240776,0.9058697737528727,0.7048000624014096,1.1643018932250304,7,Middle–Late Childhood (6–12 Years),"Low Maternal Absence, Improving SES",6,"Low Maternal Absence, Higher SES","Middle-late: Low Maternal Absence, Improving SES vs Low Maternal Absence, Higher SES",3454,31111,3453.3850280001157
JMAES,VLNC,Violence exposure,A,H1,Hypothesis 1. The lowest-adversity retained joint maternal absence and household socioeconomic status class within each window will be associated with lower pathway risk than the higher-adversity retained classes.,primary,Early childhood,"Low Maternal Absence, Improving SES","Rising Maternal Absence, Low SES",higher,"H1: Rising Maternal Absence, Low SES vs Low Maternal Absence, Improving SES",FALSE,Two-window class history,early_class,early_class1,0.20292722227937735,0.15121165194422587,1.3420078391460644,0.1795934539117483,-0.09344761553130534,0.49930206009006006,1.2249833135099413,0.9107857272029768,1.6475709637941836,1,Early Childhood (0–5 Years),"Rising Maternal Absence, Low SES",2,"Low Maternal Absence, Improving SES","Early: Rising Maternal Absence, Low SES vs Low Maternal Absence, Improving SES",3454,31111,3453.3850280001157
JMAES,VLNC,Violence exposure,A,H1,Hypothesis 1. The lowest-adversity retained joint maternal absence and household socioeconomic status class within each window will be associated with lower pathway risk than the higher-adversity retained classes.,primary,Early childhood,"Low Maternal Absence, Improving SES","Low Maternal Absence, Low SES",higher,"H1: Low Maternal Absence, Low SES vs Low Maternal Absence, Improving SES",FALSE,Two-window class history,early_class,early_class3,0.19473806830686777,0.16216794541769788,1.200841928442015,0.22981252407796585,-0.1231111047118201,0.5125872413255557,1.2149926997118743,0.8841654221590058,1.669605283532194,3,Early Childhood (0–5 Years),"Low Maternal Absence, Low SES",2,"Low Maternal Absence, Improving SES","Early: Low Maternal Absence, Low SES vs Low Maternal Absence, Improving SES",3454,31111,3453.3850280001157
JMAES,VLNC,Violence exposure,A,H1,Hypothesis 1. The lowest-adversity retained joint maternal absence and household socioeconomic status class within each window will be associated with lower pathway risk than the higher-adversity retained classes.,primary,Early childhood,"Low Maternal Absence, Improving SES","High Maternal Absence, Low SES",higher,"H1: High Maternal Absence, Low SES vs Low Maternal Absence, Improving SES",FALSE,Two-window class history,early_class,early_class4,0.10610111579869667,0.14432984666513746,0.7351294153652361,0.46226068129912373,-0.1767853836649727,0.3889876152623661,1.1119343049476322,0.8379596050454287,1.4754862777094664,4,Early Childhood (0–5 Years),"High Maternal Absence, Low SES",2,"Low Maternal Absence, Improving SES","Early: High Maternal Absence, Low SES vs Low Maternal Absence, Improving SES",3454,31111,3453.3850280001157
JMAES,VLNC,Violence exposure,A,H1,Hypothesis 1. The lowest-adversity retained joint maternal absence and household socioeconomic status class within each window will be associated with lower pathway risk than the higher-adversity retained classes.,primary,Middle-late childhood,"Low Maternal Absence, Higher SES","Rising Maternal Absence, Improving SES",higher,"H1: Rising Maternal Absence, Improving SES vs Low Maternal Absence, Higher SES",FALSE,Two-window class history,mid_class,mid_class1,0.023261294280829885,0.154841163545132,0.15022681145152883,0.8805856734457377,-0.28022738626762883,0.32674997482928864,1.023533948176417,0.7556119061488562,1.3864547852468883,1,Middle–Late Childhood (6–12 Years),"Rising Maternal Absence, Improving SES",6,"Low Maternal Absence, Higher SES","Middle-late: Rising Maternal Absence, Improving SES vs Low Maternal Absence, Higher SES",3454,31111,3453.3850280001157
JMAES,VLNC,Violence exposure,A,H1,Hypothesis 1. The lowest-adversity retained joint maternal absence and household socioeconomic status class within each window will be associated with lower pathway risk than the higher-adversity retained classes.,primary,Middle-late childhood,"Low Maternal Absence, Higher SES","Low Maternal Absence, Low SES",higher,"H1: Low Maternal Absence, Low SES vs Low Maternal Absence, Higher SES",FALSE,Two-window class history,mid_class,mid_class2,-0.27136768999205435,0.09734950314534356,-2.7875611197203574,0.005310643546261108,-0.46217271615692773,-0.08056266382718097,0.7623361414965673,0.6299135343010954,0.9225970883078128,2,Middle–Late Childhood (6–12 Years),"Low Maternal Absence, Low SES",6,"Low Maternal Absence, Higher SES","Middle-late: Low Maternal Absence, Low SES vs Low Maternal Absence, Higher SES",3454,31111,3453.3850280001157
JMAES,VLNC,Violence exposure,A,H1,Hypothesis 1. The lowest-adversity retained joint maternal absence and household socioeconomic status class within each window will be associated with lower pathway risk than the higher-adversity retained classes.,primary,Middle-late childhood,"Low Maternal Absence, Higher SES","High Maternal Absence, Improving SES",higher,"H1: High Maternal Absence, Improving SES vs Low Maternal Absence, Higher SES",FALSE,Two-window class history,mid_class,mid_class3,-0.03804227597195,0.11205466686147696,-0.33949747063170715,0.7342350022082988,-0.2576694230204448,0.18158487107654483,0.9626722421262105,0.7728506765248725,1.1991163026826699,3,Middle–Late Childhood (6–12 Years),"High Maternal Absence, Improving SES",6,"Low Maternal Absence, Higher SES","Middle-late: High Maternal Absence, Improving SES vs Low Maternal Absence, Higher SES",3454,31111,3453.3850280001157
JMAES,VLNC,Violence exposure,A,H1,Hypothesis 1. The lowest-adversity retained joint maternal absence and household socioeconomic status class within each window will be associated with lower pathway risk than the higher-adversity retained classes.,primary,Middle-late childhood,"Low Maternal Absence, Higher SES","High Maternal Absence, Low SES",higher,"H1: High Maternal Absence, Low SES vs Low Maternal Absence, Higher SES",FALSE,Two-window class history,mid_class,mid_class5,-0.09782350969088657,0.13568480275702824,-0.720961431959774,0.4709332444062167,-0.36376572309466193,0.16811870371288876,0.9068089326205585,0.6950540107728348,1.183077037950063,5,Middle–Late Childhood (6–12 Years),"High Maternal Absence, Low SES",6,"Low Maternal Absence, Higher SES","Middle-late: High Maternal Absence, Low SES vs Low Maternal Absence, Higher SES",3454,31111,3453.3850280001157
JMAES,VLNC,Violence exposure,A,H1,Hypothesis 1. The lowest-adversity retained joint maternal absence and household socioeconomic status class within each window will be associated with lower pathway risk than the higher-adversity retained classes.,primary,Middle-late childhood,"Low Maternal Absence, Higher SES","Low Maternal Absence, Improving SES",higher,"H1: Low Maternal Absence, Improving SES vs Low Maternal Absence, Higher SES",FALSE,Two-window class history,mid_class,mid_class7,-0.15612267469269756,0.12687517274068022,-1.2305218690168502,0.21850174284108925,-0.40479801326443077,0.09255266387903568,0.8554542413476813,0.66711154493399,1.0969709107824661,7,Middle–Late Childhood (6–12 Years),"Low Maternal Absence, Improving SES",6,"Low Maternal Absence, Higher SES","Middle-late: Low Maternal Absence, Improving SES vs Low Maternal Absence, Higher SES",3454,31111,3453.3850280001157
JMAES,SCSP,Low social support,A,H1,Hypothesis 1. The lowest-adversity retained joint maternal absence and household socioeconomic status class within each window will be associated with lower pathway risk than the higher-adversity retained classes.,primary,Early childhood,"Low Maternal Absence, Improving SES","Rising Maternal Absence, Low SES",higher,"H1: Rising Maternal Absence, Low SES vs Low Maternal Absence, Improving SES",FALSE,Two-window class history,early_class,early_class1,-0.010213252142204973,0.24063996060314924,-0.042442045438363954,0.9661463111160441,-0.4818675749243775,0.46144107063996753,0.98983872601162,0.61762884589605,1.5863583931071912,1,Early Childhood (0–5 Years),"Rising Maternal Absence, Low SES",2,"Low Maternal Absence, Improving SES","Early: Rising Maternal Absence, Low SES vs Low Maternal Absence, Improving SES",3453,31108,3452.386028000114
JMAES,SCSP,Low social support,A,H1,Hypothesis 1. The lowest-adversity retained joint maternal absence and household socioeconomic status class within each window will be associated with lower pathway risk than the higher-adversity retained classes.,primary,Early childhood,"Low Maternal Absence, Improving SES","Low Maternal Absence, Low SES",higher,"H1: Low Maternal Absence, Low SES vs Low Maternal Absence, Improving SES",FALSE,Two-window class history,early_class,early_class3,0.28435478201276543,0.24421673435158697,1.1643542067981043,0.2442804973685854,-0.194310017316345,0.7630195813418759,1.3289043184767895,0.8234025956326031,2.144742677559195,3,Early Childhood (0–5 Years),"Low Maternal Absence, Low SES",2,"Low Maternal Absence, Improving SES","Early: Low Maternal Absence, Low SES vs Low Maternal Absence, Improving SES",3453,31108,3452.386028000114
JMAES,SCSP,Low social support,A,H1,Hypothesis 1. The lowest-adversity retained joint maternal absence and household socioeconomic status class within each window will be associated with lower pathway risk than the higher-adversity retained classes.,primary,Early childhood,"Low Maternal Absence, Improving SES","High Maternal Absence, Low SES",higher,"H1: High Maternal Absence, Low SES vs Low Maternal Absence, Improving SES",FALSE,Two-window class history,early_class,early_class4,0.17201336173582427,0.22116718746439928,0.7777526300709178,0.43671485870377336,-0.2614743256943983,0.6055010491660469,1.1876937027573797,0.7699156422200765,1.8321699861844314,4,Early Childhood (0–5 Years),"High Maternal Absence, Low SES",2,"Low Maternal Absence, Improving SES","Early: High Maternal Absence, Low SES vs Low Maternal Absence, Improving SES",3453,31108,3452.386028000114
JMAES,SCSP,Low social support,A,H1,Hypothesis 1. The lowest-adversity retained joint maternal absence and household socioeconomic status class within each window will be associated with lower pathway risk than the higher-adversity retained classes.,primary,Middle-late childhood,"Low Maternal Absence, Higher SES","Rising Maternal Absence, Improving SES",higher,"H1: Rising Maternal Absence, Improving SES vs Low Maternal Absence, Higher SES",FALSE,Two-window class history,mid_class,mid_class1,-0.25094878247131613,0.24973722993044833,-1.004851309278978,0.3149684530282082,-0.7404337531349949,0.2385361881923626,0.7780622209625746,0.47690701074047,1.2693896421217823,1,Middle–Late Childhood (6–12 Years),"Rising Maternal Absence, Improving SES",6,"Low Maternal Absence, Higher SES","Middle-late: Rising Maternal Absence, Improving SES vs Low Maternal Absence, Higher SES",3453,31108,3452.386028000114
JMAES,SCSP,Low social support,A,H1,Hypothesis 1. The lowest-adversity retained joint maternal absence and household socioeconomic status class within each window will be associated with lower pathway risk than the higher-adversity retained classes.,primary,Middle-late childhood,"Low Maternal Absence, Higher SES","Low Maternal Absence, Low SES",higher,"H1: Low Maternal Absence, Low SES vs Low Maternal Absence, Higher SES",FALSE,Two-window class history,mid_class,mid_class2,-0.26654866538423133,0.15356021522368088,-1.7357924706993133,0.0826005359047643,-0.5675266872226459,0.03442935645418321,0.766018724223548,0.5669258911575579,1.0350289076813306,2,Middle–Late Childhood (6–12 Years),"Low Maternal Absence, Low SES",6,"Low Maternal Absence, Higher SES","Middle-late: Low Maternal Absence, Low SES vs Low Maternal Absence, Higher SES",3453,31108,3452.386028000114
JMAES,SCSP,Low social support,A,H1,Hypothesis 1. The lowest-adversity retained joint maternal absence and household socioeconomic status class within each window will be associated with lower pathway risk than the higher-adversity retained classes.,primary,Middle-late childhood,"Low Maternal Absence, Higher SES","High Maternal Absence, Improving SES",higher,"H1: High Maternal Absence, Improving SES vs Low Maternal Absence, Higher SES",FALSE,Two-window class history,mid_class,mid_class3,-0.27177090101003937,0.18015609674614122,-1.5085301353580778,0.1314188999078508,-0.6248768506324762,0.08133504861239743,0.762028821126551,0.5353273496843638,1.0847342744021997,3,Middle–Late Childhood (6–12 Years),"High Maternal Absence, Improving SES",6,"Low Maternal Absence, Higher SES","Middle-late: High Maternal Absence, Improving SES vs Low Maternal Absence, Higher SES",3453,31108,3452.386028000114
JMAES,SCSP,Low social support,A,H1,Hypothesis 1. The lowest-adversity retained joint maternal absence and household socioeconomic status class within each window will be associated with lower pathway risk than the higher-adversity retained classes.,primary,Middle-late childhood,"Low Maternal Absence, Higher SES","High Maternal Absence, Low SES",higher,"H1: High Maternal Absence, Low SES vs Low Maternal Absence, Higher SES",FALSE,Two-window class history,mid_class,mid_class5,-0.05336203974956397,0.21247603831374992,-0.2511438003694686,0.8017029330126791,-0.46981507484451385,0.36309099534538586,0.9480367233659901,0.6251178576117001,1.4377666833648632,5,Middle–Late Childhood (6–12 Years),"High Maternal Absence, Low SES",6,"Low Maternal Absence, Higher SES","Middle-late: High Maternal Absence, Low SES vs Low Maternal Absence, Higher SES",3453,31108,3452.386028000114
JMAES,SCSP,Low social support,A,H1,Hypothesis 1. The lowest-adversity retained joint maternal absence and household socioeconomic status class within each window will be associated with lower pathway risk than the higher-adversity retained classes.,primary,Middle-late childhood,"Low Maternal Absence, Higher SES","Low Maternal Absence, Improving SES",higher,"H1: Low Maternal Absence, Improving SES vs Low Maternal Absence, Higher SES",FALSE,Two-window class history,mid_class,mid_class7,-0.10666883161712067,0.18951173601720758,-0.5628613502196781,0.5735293003003084,-0.4781118342108475,0.2647741709766062,0.8988232855616223,0.6199528611660169,1.3031366564682196,7,Middle–Late Childhood (6–12 Years),"Low Maternal Absence, Improving SES",6,"Low Maternal Absence, Higher SES","Middle-late: Low Maternal Absence, Improving SES vs Low Maternal Absence, Higher SES",3453,31108,3452.386028000114
JMAES,SCHL,School disengagement,A,H1,Hypothesis 1. The lowest-adversity retained joint maternal absence and household socioeconomic status class within each window will be associated with lower pathway risk than the higher-adversity retained classes.,primary,Early childhood,"Low Maternal Absence, Improving SES","Rising Maternal Absence, Low SES",higher,"H1: Rising Maternal Absence, Low SES vs Low Maternal Absence, Improving SES",FALSE,Two-window class history,early_class,early_class1,-0.32040823968993826,0.2012836409329596,-1.5918245427439122,0.11142413395346229,-0.7149241759185391,0.07410769653866256,0.7258526547175839,0.48922920574515594,1.0769227801069001,1,Early Childhood (0–5 Years),"Rising Maternal Absence, Low SES",2,"Low Maternal Absence, Improving SES","Early: Rising Maternal Absence, Low SES vs Low Maternal Absence, Improving SES",3454,31111,3453.3850280001157
JMAES,SCHL,School disengagement,A,H1,Hypothesis 1. The lowest-adversity retained joint maternal absence and household socioeconomic status class within each window will be associated with lower pathway risk than the higher-adversity retained classes.,primary,Early childhood,"Low Maternal Absence, Improving SES","Low Maternal Absence, Low SES",higher,"H1: Low Maternal Absence, Low SES vs Low Maternal Absence, Improving SES",FALSE,Two-window class history,early_class,early_class3,-0.5485057304501416,0.210660972876938,-2.603736814462367,0.009221353758052452,-0.96140123728894,-0.13561022361134317,0.5778125733536201,0.3823567379086711,0.8731829122500766,3,Early Childhood (0–5 Years),"Low Maternal Absence, Low SES",2,"Low Maternal Absence, Improving SES","Early: Low Maternal Absence, Low SES vs Low Maternal Absence, Improving SES",3454,31111,3453.3850280001157
JMAES,SCHL,School disengagement,A,H1,Hypothesis 1. The lowest-adversity retained joint maternal absence and household socioeconomic status class within each window will be associated with lower pathway risk than the higher-adversity retained classes.,primary,Early childhood,"Low Maternal Absence, Improving SES","High Maternal Absence, Low SES",higher,"H1: High Maternal Absence, Low SES vs Low Maternal Absence, Improving SES",FALSE,Two-window class history,early_class,early_class4,-0.10455829216420494,0.1978636837475949,-0.5284359928201119,0.5971967615168734,-0.4923711123094909,0.28325452798108103,0.9007222908248571,0.6111755089856842,1.3274429902062417,4,Early Childhood (0–5 Years),"High Maternal Absence, Low SES",2,"Low Maternal Absence, Improving SES","Early: High Maternal Absence, Low SES vs Low Maternal Absence, Improving SES",3454,31111,3453.3850280001157
JMAES,SCHL,School disengagement,A,H1,Hypothesis 1. The lowest-adversity retained joint maternal absence and household socioeconomic status class within each window will be associated with lower pathway risk than the higher-adversity retained classes.,primary,Middle-late childhood,"Low Maternal Absence, Higher SES","Rising Maternal Absence, Improving SES",higher,"H1: Rising Maternal Absence, Improving SES vs Low Maternal Absence, Higher SES",FALSE,Two-window class history,mid_class,mid_class1,-0.030585067182757632,0.22225268843619406,-0.1376139357321575,0.8905455412003221,-0.46620033651769793,0.4050302021521827,0.9698779237752919,0.6273815840147984,1.4993477829028579,1,Middle–Late Childhood (6–12 Years),"Rising Maternal Absence, Improving SES",6,"Low Maternal Absence, Higher SES","Middle-late: Rising Maternal Absence, Improving SES vs Low Maternal Absence, Higher SES",3454,31111,3453.3850280001157
JMAES,SCHL,School disengagement,A,H1,Hypothesis 1. The lowest-adversity retained joint maternal absence and household socioeconomic status class within each window will be associated with lower pathway risk than the higher-adversity retained classes.,primary,Middle-late childhood,"Low Maternal Absence, Higher SES","Low Maternal Absence, Low SES",higher,"H1: Low Maternal Absence, Low SES vs Low Maternal Absence, Higher SES",FALSE,Two-window class history,mid_class,mid_class2,0.06729011016347206,0.14153675439049979,0.47542499086716866,0.6344840853542764,-0.2101219284419075,0.34470214876885164,1.0696057366629677,0.8104854187210899,1.4115694193580932,2,Middle–Late Childhood (6–12 Years),"Low Maternal Absence, Low SES",6,"Low Maternal Absence, Higher SES","Middle-late: Low Maternal Absence, Low SES vs Low Maternal Absence, Higher SES",3454,31111,3453.3850280001157
JMAES,SCHL,School disengagement,A,H1,Hypothesis 1. The lowest-adversity retained joint maternal absence and household socioeconomic status class within each window will be associated with lower pathway risk than the higher-adversity retained classes.,primary,Middle-late childhood,"Low Maternal Absence, Higher SES","High Maternal Absence, Improving SES",higher,"H1: High Maternal Absence, Improving SES vs Low Maternal Absence, Higher SES",FALSE,Two-window class history,mid_class,mid_class3,0.03471169190274015,0.169862528623713,0.2043516729910163,0.8380786926070547,-0.29821886419973737,0.36764224800521766,1.0353211742889208,0.7421388943364774,1.4443252363013963,3,Middle–Late Childhood (6–12 Years),"High Maternal Absence, Improving SES",6,"Low Maternal Absence, Higher SES","Middle-late: High Maternal Absence, Improving SES vs Low Maternal Absence, Higher SES",3454,31111,3453.3850280001157
JMAES,SCHL,School disengagement,A,H1,Hypothesis 1. The lowest-adversity retained joint maternal absence and household socioeconomic status class within each window will be associated with lower pathway risk than the higher-adversity retained classes.,primary,Middle-late childhood,"Low Maternal Absence, Higher SES","High Maternal Absence, Low SES",higher,"H1: High Maternal Absence, Low SES vs Low Maternal Absence, Higher SES",FALSE,Two-window class history,mid_class,mid_class5,0.15979036645629371,0.20101445313995533,0.7949197879071932,0.4266601628538729,-0.23419796169801874,0.5537786946106061,1.1732648895332296,0.7912051720720121,1.7398148414607857,5,Middle–Late Childhood (6–12 Years),"High Maternal Absence, Low SES",6,"Low Maternal Absence, Higher SES","Middle-late: High Maternal Absence, Low SES vs Low Maternal Absence, Higher SES",3454,31111,3453.3850280001157
JMAES,SCHL,School disengagement,A,H1,Hypothesis 1. The lowest-adversity retained joint maternal absence and household socioeconomic status class within each window will be associated with lower pathway risk than the higher-adversity retained classes.,primary,Middle-late childhood,"Low Maternal Absence, Higher SES","Low Maternal Absence, Improving SES",higher,"H1: Low Maternal Absence, Improving SES vs Low Maternal Absence, Higher SES",FALSE,Two-window class history,mid_class,mid_class7,0.0073266588666366286,0.1936370642689431,0.03783706850905677,0.9698175891256893,-0.3722019871004918,0.38685530483376507,1.00735356450104,0.6892150159210255,1.472343434881327,7,Middle–Late Childhood (6–12 Years),"Low Maternal Absence, Improving SES",6,"Low Maternal Absence, Higher SES","Middle-late: Low Maternal Absence, Improving SES vs Low Maternal Absence, Higher SES",3454,31111,3453.3850280001157
