model_code,model_label,pathway_label,adjustment_code,adjustment_label,estimate,odds_ratio,p.value,abs_log_or,previous_abs_log_or,attenuation_step,attenuation_label,significant
JMAES,Joint maternal absence and socioeconomic status,Alcohol use,sex_only,Sex only,0.28177758556756355,1.3254838804547489,0.061093240300401135,0.28177758556756355,-,-,Starting model,FALSE
JMAES,Joint maternal absence and socioeconomic status,Alcohol use,sex_age,Sex + age,0.24663901622954584,1.2797170722948579,0.10259806632446648,0.24663901622954584,0.28177758556756355,0.035138569338017706,12% reduction in |log(OR)|,FALSE
JMAES,Joint maternal absence and socioeconomic status,Alcohol use,sex_age_rural,Sex + age + rural,0.24481229893607862,1.27738152483008,0.1054088931659842,0.24481229893607862,0.24663901622954584,0.0018267172934672282,1% reduction in |log(OR)|,FALSE
JMAES,Joint maternal absence and socioeconomic status,Alcohol use,sex_age_rural_clyr,Sex + age + rural + calendar year,0.2763850677390795,1.3183554224406688,0.07479631210898952,0.2763850677390795,0.24481229893607862,-0.03157276880300089,13% increase in |log(OR)|,FALSE
JMAES,Joint maternal absence and socioeconomic status,Ever had sexual intercourse,sex_only,Sex only,0.7799222560391074,2.181302675796077,6.271989146201494e-6,0.7799222560391074,-,-,Starting model,TRUE
JMAES,Joint maternal absence and socioeconomic status,Ever had sexual intercourse,sex_age,Sex + age,0.5312241057653755,1.701013254841801,0.008678427378523833,0.5312241057653755,0.7799222560391074,0.24869815027373188,32% reduction in |log(OR)|,TRUE
JMAES,Joint maternal absence and socioeconomic status,Ever had sexual intercourse,sex_age_rural,Sex + age + rural,0.522557144284346,1.6863343411583678,0.009992071433741954,0.522557144284346,0.5312241057653755,0.008666961481029523,2% reduction in |log(OR)|,TRUE
JMAES,Joint maternal absence and socioeconomic status,Ever had sexual intercourse,sex_age_rural_clyr,Sex + age + rural + calendar year,0.49147440400718234,1.6347246886226894,0.015979831472601572,0.49147440400718234,0.522557144284346,0.031082740277163623,6% reduction in |log(OR)|,TRUE
JMAES,Joint maternal absence and socioeconomic status,Food insecurity,sex_only,Sex only,0.6936577344664256,2.001021368522619,9.314122391578009e-7,0.6936577344664256,-,-,Starting model,TRUE
JMAES,Joint maternal absence and socioeconomic status,Food insecurity,sex_age,Sex + age,0.6860567227378686,1.985869240335011,1.1958978703219326e-6,0.6860567227378686,0.6936577344664256,0.007601011728557094,1% reduction in |log(OR)|,TRUE
JMAES,Joint maternal absence and socioeconomic status,Food insecurity,sex_age_rural,Sex + age + rural,0.678920241369067,1.9717475709496386,1.5737410488995214e-6,0.678920241369067,0.6860567227378686,0.007136481368801517,1% reduction in |log(OR)|,TRUE
JMAES,Joint maternal absence and socioeconomic status,Food insecurity,sex_age_rural_clyr,Sex + age + rural + calendar year,0.68564606940446,1.9850539039335175,1.2585157936971078e-6,0.68564606940446,0.678920241369067,-0.006725828035393011,1% increase in |log(OR)|,TRUE
JMAES,Joint maternal absence and socioeconomic status,Lack of government grant receipt,sex_only,Sex only,0.24359699557730732,1.2758300617126448,0.11564375108493201,0.24359699557730732,-,-,Starting model,FALSE
JMAES,Joint maternal absence and socioeconomic status,Lack of government grant receipt,sex_age,Sex + age,0.1586049741199772,1.1718749343086017,0.30587280536097594,0.1586049741199772,0.24359699557730732,0.08499202145733012,35% reduction in |log(OR)|,FALSE
JMAES,Joint maternal absence and socioeconomic status,Lack of government grant receipt,sex_age_rural,Sex + age + rural,0.14718156488050757,1.1585642985229299,0.3439792711553,0.14718156488050757,0.1586049741199772,0.011423409239469634,7% reduction in |log(OR)|,FALSE
JMAES,Joint maternal absence and socioeconomic status,Lack of government grant receipt,sex_age_rural_clyr,Sex + age + rural + calendar year,0.13303413267211445,1.1422889870409507,0.3967592217092582,0.13303413267211445,0.14718156488050757,0.014147432208393124,10% reduction in |log(OR)|,FALSE
JMAES,Joint maternal absence and socioeconomic status,Low social support,sex_only,Sex only,0.011692428681969867,1.0117610523244196,0.9593215149823566,0.011692428681969867,-,-,Starting model,FALSE
JMAES,Joint maternal absence and socioeconomic status,Low social support,sex_age,Sex + age,-0.035644071601341476,0.9649836974680538,0.8783963092643527,0.035644071601341476,0.011692428681969867,-0.02395164291937161,205% increase in |log(OR)|,FALSE
JMAES,Joint maternal absence and socioeconomic status,Low social support,sex_age_rural,Sex + age + rural,-0.04619458030943725,0.9548561479086726,0.842617191660734,0.04619458030943725,0.035644071601341476,-0.010550508708095777,30% increase in |log(OR)|,FALSE
JMAES,Joint maternal absence and socioeconomic status,Low social support,sex_age_rural_clyr,Sex + age + rural + calendar year,0.023656468520083993,1.0239385023551686,0.9213596178717017,0.023656468520083993,0.04619458030943725,0.02253811178935326,49% reduction in |log(OR)|,FALSE
JMAES,Joint maternal absence and socioeconomic status,School disengagement,sex_only,Sex only,0.1353721262563798,1.144962775796549,0.41768182999020964,0.1353721262563798,-,-,Starting model,FALSE
JMAES,Joint maternal absence and socioeconomic status,School disengagement,sex_age,Sex + age,-0.11656469452430643,0.8899725187654528,0.5195137539412238,0.11656469452430643,0.1353721262563798,0.01880743173207336,14% reduction in |log(OR)|,FALSE
JMAES,Joint maternal absence and socioeconomic status,School disengagement,sex_age_rural,Sex + age + rural,-0.13008703166598984,0.8780190121377854,0.47606133693604386,0.13008703166598984,0.11656469452430643,-0.01352233714168341,12% increase in |log(OR)|,FALSE
JMAES,Joint maternal absence and socioeconomic status,School disengagement,sex_age_rural_clyr,Sex + age + rural + calendar year,-0.12905316905429393,0.8789272325734712,0.4752949143297461,0.12905316905429393,0.13008703166598984,0.0010338626116959126,1% reduction in |log(OR)|,FALSE
JMAES,Joint maternal absence and socioeconomic status,Violence exposure,sex_only,Sex only,0.6249238626220116,1.8681037194984664,8.9603601860288e-6,0.6249238626220116,-,-,Starting model,TRUE
JMAES,Joint maternal absence and socioeconomic status,Violence exposure,sex_age,Sex + age,0.671768090807013,1.9576956460930663,2.740498315635243e-6,0.671768090807013,0.6249238626220116,-0.046844228185001446,7% increase in |log(OR)|,TRUE
JMAES,Joint maternal absence and socioeconomic status,Violence exposure,sex_age_rural,Sex + age + rural,0.6681431108401004,1.950611885596611,3.1475996484328713e-6,0.6681431108401004,0.671768090807013,0.003624979966912689,1% reduction in |log(OR)|,TRUE
JMAES,Joint maternal absence and socioeconomic status,Violence exposure,sex_age_rural_clyr,Sex + age + rural + calendar year,0.6117332685226208,1.8436241267213034,2.1044976784450908e-5,0.6117332685226208,0.6681431108401004,0.056409842317479586,8% reduction in |log(OR)|,TRUE
JPAES,Joint parental absence and socioeconomic status,Alcohol use,sex_only,Sex only,0.24566022918434502,1.278465114602909,0.0995666268885528,0.24566022918434502,-,-,Starting model,FALSE
JPAES,Joint parental absence and socioeconomic status,Alcohol use,sex_age,Sex + age,0.20692600631991695,1.2298915642108628,0.16764537024270976,0.20692600631991695,0.24566022918434502,0.03873422286442807,16% reduction in |log(OR)|,FALSE
JPAES,Joint parental absence and socioeconomic status,Alcohol use,sex_age_rural,Sex + age + rural,0.20414240899241354,1.2264728017760933,0.17417555028443416,0.20414240899241354,0.20692600631991695,0.002783597327503412,1% reduction in |log(OR)|,FALSE
JPAES,Joint parental absence and socioeconomic status,Alcohol use,sex_age_rural_clyr,Sex + age + rural + calendar year,0.2398488793740156,1.2710570528693352,0.1195306712077618,0.2398488793740156,0.20414240899241354,-0.03570647038160207,17% increase in |log(OR)|,FALSE
JPAES,Joint parental absence and socioeconomic status,Ever had sexual intercourse,sex_only,Sex only,0.7626351805303048,2.1439183951708896,8.63133576472893e-6,0.7626351805303048,-,-,Starting model,TRUE
JPAES,Joint parental absence and socioeconomic status,Ever had sexual intercourse,sex_age,Sex + age,0.5114138223858098,1.667647286070916,0.010599824075084722,0.5114138223858098,0.7626351805303048,0.251221358144495,33% reduction in |log(OR)|,TRUE
JPAES,Joint parental absence and socioeconomic status,Ever had sexual intercourse,sex_age_rural,Sex + age + rural,0.5026201233327009,1.6530467879904263,0.012314733016671372,0.5026201233327009,0.5114138223858098,0.008793699053108894,2% reduction in |log(OR)|,TRUE
JPAES,Joint parental absence and socioeconomic status,Ever had sexual intercourse,sex_age_rural_clyr,Sex + age + rural + calendar year,0.4708439022291215,1.6013450017786086,0.019458877294491906,0.4708439022291215,0.5026201233327009,0.031776221103579416,6% reduction in |log(OR)|,TRUE
JPAES,Joint parental absence and socioeconomic status,Food insecurity,sex_only,Sex only,0.743866420093364,2.1040549681764875,9.148834278631849e-8,0.743866420093364,-,-,Starting model,TRUE
JPAES,Joint parental absence and socioeconomic status,Food insecurity,sex_age,Sex + age,0.7323682038933633,2.0800006451747843,1.4783018623026247e-7,0.7323682038933633,0.743866420093364,0.011498216200000688,2% reduction in |log(OR)|,TRUE
JPAES,Joint parental absence and socioeconomic status,Food insecurity,sex_age_rural,Sex + age + rural,0.7269557653407099,2.0687731808821472,1.7880652628645494e-7,0.7269557653407099,0.7323682038933633,0.005412438552653387,1% reduction in |log(OR)|,TRUE
JPAES,Joint parental absence and socioeconomic status,Food insecurity,sex_age_rural_clyr,Sex + age + rural + calendar year,0.729673654545892,2.07440352503833,1.7055787210176126e-7,0.729673654545892,0.7269557653407099,-0.0027178892051820114,0% increase in |log(OR)|,TRUE
JPAES,Joint parental absence and socioeconomic status,Lack of government grant receipt,sex_only,Sex only,0.28419407929247326,1.328690777096602,0.06410184284995887,0.28419407929247326,-,-,Starting model,FALSE
JPAES,Joint parental absence and socioeconomic status,Lack of government grant receipt,sex_age,Sex + age,0.20029256459092337,1.2217601496359598,0.19303361257819918,0.20029256459092337,0.28419407929247326,0.08390151470154988,30% reduction in |log(OR)|,FALSE
JPAES,Joint parental absence and socioeconomic status,Lack of government grant receipt,sex_age_rural,Sex + age + rural,0.19038097635578688,1.2097103809303964,0.21765802687787228,0.19038097635578688,0.20029256459092337,0.009911588235136493,5% reduction in |log(OR)|,FALSE
JPAES,Joint parental absence and socioeconomic status,Lack of government grant receipt,sex_age_rural_clyr,Sex + age + rural + calendar year,0.17777376826178384,1.194555044399265,0.25304894919570137,0.17777376826178384,0.19038097635578688,0.012607208094003036,7% reduction in |log(OR)|,FALSE
JPAES,Joint parental absence and socioeconomic status,Low social support,sex_only,Sex only,0.1121435397419577,1.1186734232157178,0.6085683366243531,0.1121435397419577,-,-,Starting model,FALSE
JPAES,Joint parental absence and socioeconomic status,Low social support,sex_age,Sex + age,0.06422999571499502,1.0663376236442643,0.7718785222228022,0.06422999571499502,0.1121435397419577,0.047913544026962684,43% reduction in |log(OR)|,FALSE
JPAES,Joint parental absence and socioeconomic status,Low social support,sex_age_rural,Sex + age + rural,0.05197623382039197,1.053350708093761,0.8140287038915689,0.05197623382039197,0.06422999571499502,0.012253761894603046,19% reduction in |log(OR)|,FALSE
JPAES,Joint parental absence and socioeconomic status,Low social support,sex_age_rural_clyr,Sex + age + rural + calendar year,0.13094116339842748,1.1399007114549364,0.5670261473045816,0.13094116339842748,0.05197623382039197,-0.07896492957803551,152% increase in |log(OR)|,FALSE
JPAES,Joint parental absence and socioeconomic status,School disengagement,sex_only,Sex only,0.14421567989753203,1.1551332206743774,0.37715494936211597,0.14421567989753203,-,-,Starting model,FALSE
JPAES,Joint parental absence and socioeconomic status,School disengagement,sex_age,Sex + age,-0.10591197250651797,0.899503825658121,0.5462436162758959,0.10591197250651797,0.14421567989753203,0.03830370739101406,27% reduction in |log(OR)|,FALSE
JPAES,Joint parental absence and socioeconomic status,School disengagement,sex_age_rural,Sex + age + rural,-0.12141743126546077,0.8856641785003457,0.4936198893356035,0.12141743126546077,0.10591197250651797,-0.015505458758942797,15% increase in |log(OR)|,FALSE
JPAES,Joint parental absence and socioeconomic status,School disengagement,sex_age_rural_clyr,Sex + age + rural + calendar year,-0.11942404230680709,0.8874314125020266,0.4959111382504627,0.11942404230680709,0.12141743126546077,0.001993388958653683,2% reduction in |log(OR)|,FALSE
JPAES,Joint parental absence and socioeconomic status,Violence exposure,sex_only,Sex only,0.6608530553201174,1.9364435234738953,1.8661557696825156e-6,0.6608530553201174,-,-,Starting model,TRUE
JPAES,Joint parental absence and socioeconomic status,Violence exposure,sex_age,Sex + age,0.7064937918588123,2.0268721497685585,5.46915910406157e-7,0.7064937918588123,0.6608530553201174,-0.04564073653869494,7% increase in |log(OR)|,TRUE
JPAES,Joint parental absence and socioeconomic status,Violence exposure,sex_age_rural,Sex + age + rural,0.7067300021613716,2.0273509744017337,5.396073475778186e-7,0.7067300021613716,0.7064937918588123,-2.362103025592699e-4,0% increase in |log(OR)|,TRUE
JPAES,Joint parental absence and socioeconomic status,Violence exposure,sex_age_rural_clyr,Sex + age + rural + calendar year,0.6423438617234439,1.9009311816564864,5.537754099736847e-6,0.6423438617234439,0.7067300021613716,0.06438614043792767,9% reduction in |log(OR)|,TRUE
UHSES,Univariate household socioeconomic status,Alcohol use,sex_only,Sex only,0.17485060904322072,1.1910682684925495,0.4047463848750911,0.17485060904322072,-,-,Starting model,FALSE
UHSES,Univariate household socioeconomic status,Alcohol use,sex_age,Sex + age,0.16661644230685974,1.1813010812851663,0.42771590515814856,0.16661644230685974,0.17485060904322072,0.008234166736360987,5% reduction in |log(OR)|,FALSE
UHSES,Univariate household socioeconomic status,Alcohol use,sex_age_rural,Sex + age + rural,0.16228844882771243,1.176199465751255,0.43994814916820296,0.16228844882771243,0.16661644230685974,0.004327993479147307,3% reduction in |log(OR)|,FALSE
UHSES,Univariate household socioeconomic status,Alcohol use,sex_age_rural_clyr,Sex + age + rural + calendar year,0.16250542485282254,1.1764547005249824,0.4421907839433179,0.16250542485282254,0.16228844882771243,-2.1697602511011604e-4,0% increase in |log(OR)|,FALSE
UHSES,Univariate household socioeconomic status,Ever had sexual intercourse,sex_only,Sex only,0.9338421665777829,2.5442659155748157,1.3173394624762317e-5,0.9338421665777829,-,-,Starting model,TRUE
UHSES,Univariate household socioeconomic status,Ever had sexual intercourse,sex_age,Sex + age,0.8953749654360379,2.448253627861822,5.091757885380053e-4,0.8953749654360379,0.9338421665777829,0.038467201141744956,4% reduction in |log(OR)|,TRUE
UHSES,Univariate household socioeconomic status,Ever had sexual intercourse,sex_age_rural,Sex + age + rural,0.8844002971410115,2.4215317564369236,5.750609526141389e-4,0.8844002971410115,0.8953749654360379,0.010974668295026357,1% reduction in |log(OR)|,TRUE
UHSES,Univariate household socioeconomic status,Ever had sexual intercourse,sex_age_rural_clyr,Sex + age + rural + calendar year,0.8834364778641388,2.4191989618273038,5.730146856748804e-4,0.8834364778641388,0.8844002971410115,9.638192768727238e-4,0% reduction in |log(OR)|,TRUE
UHSES,Univariate household socioeconomic status,Food insecurity,sex_only,Sex only,0.7587295791722922,2.1355614346762635,8.858796021222195e-5,0.7587295791722922,-,-,Starting model,TRUE
UHSES,Univariate household socioeconomic status,Food insecurity,sex_age,Sex + age,0.7542881579880293,2.126097539010582,1.1245175928488815e-4,0.7542881579880293,0.7587295791722922,0.004441421184262939,1% reduction in |log(OR)|,TRUE
UHSES,Univariate household socioeconomic status,Food insecurity,sex_age_rural,Sex + age + rural,0.752165313108248,2.121588950945674,1.1266566598706218e-4,0.752165313108248,0.7542881579880293,0.002122844879781316,0% reduction in |log(OR)|,TRUE
UHSES,Univariate household socioeconomic status,Food insecurity,sex_age_rural_clyr,Sex + age + rural + calendar year,0.752274704922416,2.1218210481044695,1.097909841693206e-4,0.752274704922416,0.752165313108248,-1.0939181416802501e-4,0% increase in |log(OR)|,TRUE
UHSES,Univariate household socioeconomic status,Lack of government grant receipt,sex_only,Sex only,0.37078438788020773,1.4488706456350398,0.07453166198722266,0.37078438788020773,-,-,Starting model,FALSE
UHSES,Univariate household socioeconomic status,Lack of government grant receipt,sex_age,Sex + age,0.35403745698444533,1.4248085545122433,0.09124783223045023,0.35403745698444533,0.37078438788020773,0.016746930895762402,5% reduction in |log(OR)|,FALSE
UHSES,Univariate household socioeconomic status,Lack of government grant receipt,sex_age_rural,Sex + age + rural,0.33912706752702226,1.4037217013260659,0.10855819615727595,0.33912706752702226,0.35403745698444533,0.014910389457423068,4% reduction in |log(OR)|,FALSE
UHSES,Univariate household socioeconomic status,Lack of government grant receipt,sex_age_rural_clyr,Sex + age + rural + calendar year,0.3387004213344535,1.4031229365462083,0.11086926257483404,0.3387004213344535,0.33912706752702226,4.2664619256876923e-4,0% reduction in |log(OR)|,FALSE
UHSES,Univariate household socioeconomic status,Low social support,sex_only,Sex only,0.3800555907773774,1.4623658812308142,0.16693354084638104,0.3800555907773774,-,-,Starting model,FALSE
UHSES,Univariate household socioeconomic status,Low social support,sex_age,Sex + age,0.3714236607304128,1.449797165420172,0.18359452220738093,0.3714236607304128,0.3800555907773774,0.008631930046964609,2% reduction in |log(OR)|,FALSE
UHSES,Univariate household socioeconomic status,Low social support,sex_age_rural,Sex + age + rural,0.3595073255411571,1.4326234236927928,0.19760505390905045,0.3595073255411571,0.3714236607304128,0.011916335189255667,3% reduction in |log(OR)|,FALSE
UHSES,Univariate household socioeconomic status,Low social support,sex_age_rural_clyr,Sex + age + rural + calendar year,0.3609397932088374,1.4346770809748535,0.21819401177320472,0.3609397932088374,0.3595073255411571,-0.0014324676676802928,0% increase in |log(OR)|,FALSE
UHSES,Univariate household socioeconomic status,School disengagement,sex_only,Sex only,-0.21231111824621862,0.8087130530361725,0.3982644228282106,0.21231111824621862,-,-,Starting model,FALSE
UHSES,Univariate household socioeconomic status,School disengagement,sex_age,Sex + age,-0.2561613643484264,0.7740170599560522,0.37057643769388665,0.2561613643484264,0.21231111824621862,-0.04385024610220778,21% increase in |log(OR)|,FALSE
UHSES,Univariate household socioeconomic status,School disengagement,sex_age_rural,Sex + age + rural,-0.2759657004927933,0.7588389581171888,0.33680316795922227,0.2759657004927933,0.2561613643484264,-0.019804336144366885,8% increase in |log(OR)|,FALSE
UHSES,Univariate household socioeconomic status,School disengagement,sex_age_rural_clyr,Sex + age + rural + calendar year,-0.2752588249938202,0.7593755524146855,0.3452294136931645,0.2752588249938202,0.2759657004927933,7.068754989730808e-4,0% reduction in |log(OR)|,FALSE
UHSES,Univariate household socioeconomic status,Violence exposure,sex_only,Sex only,0.43184103131506607,1.5400902695754184,0.025173767163968977,0.43184103131506607,-,-,Starting model,TRUE
UHSES,Univariate household socioeconomic status,Violence exposure,sex_age,Sex + age,0.44308659079373486,1.5575071942870813,0.024424497124573404,0.44308659079373486,0.43184103131506607,-0.011245559478668787,3% increase in |log(OR)|,TRUE
UHSES,Univariate household socioeconomic status,Violence exposure,sex_age_rural,Sex + age + rural,0.44370660936502404,1.5584731771051537,0.023982180236431356,0.44370660936502404,0.44308659079373486,-6.200185712891826e-4,0% increase in |log(OR)|,TRUE
UHSES,Univariate household socioeconomic status,Violence exposure,sex_age_rural_clyr,Sex + age + rural + calendar year,0.44257242348839737,1.5567065808522151,0.026982093333823967,0.44257242348839737,0.44370660936502404,0.00113418587662667,0% reduction in |log(OR)|,TRUE
ULWOM,Univariate lived without mother,Alcohol use,sex_only,Sex only,0.3129565506235516,1.3674621143606203,0.04460357685047993,0.3129565506235516,-,-,Starting model,TRUE
ULWOM,Univariate lived without mother,Alcohol use,sex_age,Sex + age,0.2800422089036842,1.3231856613749027,0.07279888187340655,0.2800422089036842,0.3129565506235516,0.0329143417198674,11% reduction in |log(OR)|,FALSE
ULWOM,Univariate lived without mother,Alcohol use,sex_age_rural,Sex + age + rural,0.2722244175120038,1.3128816018757574,0.08172125788677187,0.2722244175120038,0.2800422089036842,0.007817791391680373,3% reduction in |log(OR)|,FALSE
ULWOM,Univariate lived without mother,Alcohol use,sex_age_rural_clyr,Sex + age + rural + calendar year,0.30682446089578036,1.3591023715182415,0.056862242669537065,0.30682446089578036,0.2722244175120038,-0.034600043383776535,13% increase in |log(OR)|,FALSE
ULWOM,Univariate lived without mother,Ever had sexual intercourse,sex_only,Sex only,0.7301174857928131,2.0753244144861043,6.297824167416539e-5,0.7301174857928131,-,-,Starting model,TRUE
ULWOM,Univariate lived without mother,Ever had sexual intercourse,sex_age,Sex + age,0.4651666594645045,1.5922795352299302,0.026434525530962934,0.4651666594645045,0.7301174857928131,0.26495082632830863,36% reduction in |log(OR)|,TRUE
ULWOM,Univariate lived without mother,Ever had sexual intercourse,sex_age_rural,Sex + age + rural,0.45827580413582475,1.5813450844365857,0.029353806365939112,0.45827580413582475,0.4651666594645045,0.006890855328679724,1% reduction in |log(OR)|,TRUE
ULWOM,Univariate lived without mother,Ever had sexual intercourse,sex_age_rural_clyr,Sex + age + rural + calendar year,0.43166760499492507,1.5398232005463497,0.041444429199893225,0.43166760499492507,0.45827580413582475,0.02660819914089968,6% reduction in |log(OR)|,TRUE
ULWOM,Univariate lived without mother,Food insecurity,sex_only,Sex only,0.7380111816211834,2.0917712218058604,3.1253607415317047e-7,0.7380111816211834,-,-,Starting model,TRUE
ULWOM,Univariate lived without mother,Food insecurity,sex_age,Sex + age,0.7235769758626865,2.061795027320756,5.535933280372804e-7,0.7235769758626865,0.7380111816211834,0.014434205758496854,2% reduction in |log(OR)|,TRUE
ULWOM,Univariate lived without mother,Food insecurity,sex_age_rural,Sex + age + rural,0.7226879506079333,2.0599628540161867,5.795778599551874e-7,0.7226879506079333,0.7235769758626865,8.890252547532063e-4,0% reduction in |log(OR)|,TRUE
ULWOM,Univariate lived without mother,Food insecurity,sex_age_rural_clyr,Sex + age + rural + calendar year,0.7217840812301661,2.058101757893707,6.160445273966346e-7,0.7217840812301661,0.7226879506079333,9.03869377767208e-4,0% reduction in |log(OR)|,TRUE
ULWOM,Univariate lived without mother,Lack of government grant receipt,sex_only,Sex only,0.21875728954879495,1.2445291797892124,0.17428165391091735,0.21875728954879495,-,-,Starting model,FALSE
ULWOM,Univariate lived without mother,Lack of government grant receipt,sex_age,Sex + age,0.12220454292169548,1.1299852086199227,0.445810248783705,0.12220454292169548,0.21875728954879495,0.09655274662709946,44% reduction in |log(OR)|,FALSE
ULWOM,Univariate lived without mother,Lack of government grant receipt,sex_age_rural,Sex + age + rural,0.11472259313602665,1.1215622653424981,0.4751544204203647,0.11472259313602665,0.12220454292169548,0.007481949785668837,6% reduction in |log(OR)|,FALSE
ULWOM,Univariate lived without mother,Lack of government grant receipt,sex_age_rural_clyr,Sex + age + rural + calendar year,0.10015251603445358,1.1053394872158875,0.5365066597251074,0.10015251603445358,0.11472259313602665,0.01457007710157307,13% reduction in |log(OR)|,FALSE
ULWOM,Univariate lived without mother,Low social support,sex_only,Sex only,-0.049391011795214934,0.9518088884257185,0.8389259235893114,0.049391011795214934,-,-,Starting model,FALSE
ULWOM,Univariate lived without mother,Low social support,sex_age,Sex + age,-0.0982590757325569,0.9064140434496253,0.6899604972246483,0.0982590757325569,0.049391011795214934,-0.04886806393734197,99% increase in |log(OR)|,FALSE
ULWOM,Univariate lived without mother,Low social support,sex_age_rural,Sex + age + rural,-0.11111991289218276,0.894831440669271,0.6513870282954808,0.11111991289218276,0.0982590757325569,-0.012860837159625854,13% increase in |log(OR)|,FALSE
ULWOM,Univariate lived without mother,Low social support,sex_age_rural_clyr,Sex + age + rural + calendar year,-0.04191237866011978,0.9589538017083975,0.8687465849184753,0.04191237866011978,0.11111991289218276,0.06920753423206298,62% reduction in |log(OR)|,FALSE
ULWOM,Univariate lived without mother,School disengagement,sex_only,Sex only,0.09396520573611639,1.0985215230044554,0.5887257318288339,0.09396520573611639,-,-,Starting model,FALSE
ULWOM,Univariate lived without mother,School disengagement,sex_age,Sex + age,-0.16950289512891561,0.8440843107439298,0.36813516630805776,0.16950289512891561,0.09396520573611639,-0.07553768939279923,80% increase in |log(OR)|,FALSE
ULWOM,Univariate lived without mother,School disengagement,sex_age_rural,Sex + age + rural,-0.1838990658447425,0.8320197788021597,0.33253194436183986,0.1838990658447425,0.16950289512891561,-0.014396170715826884,8% increase in |log(OR)|,FALSE
ULWOM,Univariate lived without mother,School disengagement,sex_age_rural_clyr,Sex + age + rural + calendar year,-0.18350522164135868,0.8323475295062626,0.3287537682421492,0.18350522164135868,0.1838990658447425,3.938442033838141e-4,0% reduction in |log(OR)|,FALSE
ULWOM,Univariate lived without mother,Violence exposure,sex_only,Sex only,0.6288730142523807,1.8754957308277949,1.579211309932532e-5,0.6288730142523807,-,-,Starting model,TRUE
ULWOM,Univariate lived without mother,Violence exposure,sex_age,Sex + age,0.6687660175094607,1.9518273132591812,6.240606436757796e-6,0.6687660175094607,0.6288730142523807,-0.039893003257080006,6% increase in |log(OR)|,TRUE
ULWOM,Univariate lived without mother,Violence exposure,sex_age_rural,Sex + age + rural,0.6717882748110926,1.957735160628753,5.5945497070269276e-6,0.6717882748110926,0.6687660175094607,-0.003022257301631859,0% increase in |log(OR)|,TRUE
ULWOM,Univariate lived without mother,Violence exposure,sex_age_rural_clyr,Sex + age + rural + calendar year,0.6155276253388814,1.8506327827553317,3.273192999985318e-5,0.6155276253388814,0.6717882748110926,0.05626064947221121,8% reduction in |log(OR)|,TRUE
