"adjustment_set","adjustment_label","tier","hypothesis_id","window","scenario","reference","comparator","contrast","contrast_direction","expected_direction","mediator_block_id","mediator_block","mediators_in_block","n_mediators","n_patterns","effect","n_subjects","n_pseudo_rows","interval_method","rd","ci_low","ci_high","rd_ci","within_variance","between_variance","total_variance","rubin_df","m_imputations","percent_mediated","percent_mediated_display","interpretation_flag"
"base","Base causal mediation estimand with imputed maternal baseline","Primary","TE-JMAES-H1-EC","0-5 years","Stricter restricted (>=3 complete occasions)","Low Maternal Absence, Improving SES","High Maternal Absence, Low SES","High Maternal Absence, Low SES vs Low Maternal Absence, Improving SES","Comparator minus reference","higher","base_pathway_block","Base pathway block","Food insecurity; Violence exposure; Ever had sexual intercourse",3,8,"Block direct effect",1365,9238,"Rubin pooled over 20 imputations; cluster-robust coefficient simulation, 120 sequential joint-block draws",0.0251622347732897,-0.0230779087535436,0.0734023783001229,"0.025 (-0.023, 0.073)",0.000604482731862235,1.2432153297314e-06,0.000605788107958453,4091888.36405014,20,,"","positive; interval includes 0"
"base","Base causal mediation estimand with imputed maternal baseline","Primary","TE-JMAES-H1-EC","0-5 years","Stricter restricted (>=3 complete occasions)","Low Maternal Absence, Improving SES","High Maternal Absence, Low SES","High Maternal Absence, Low SES vs Low Maternal Absence, Improving SES","Comparator minus reference","higher","base_pathway_block","Base pathway block","Food insecurity; Violence exposure; Ever had sexual intercourse",3,8,"Total effect",1365,9238,"Rubin pooled over 20 imputations; cluster-robust coefficient simulation, 120 sequential joint-block draws",0.0377276087520858,-0.0174416787444108,0.0928968962485824,"0.038 (-0.017, 0.093)",0.000790592365144175,1.64134904091539e-06,0.000792315781637136,4015778.25989104,20,,"","positive; interval includes 0"
"base","Base causal mediation estimand with imputed maternal baseline","Primary","TE-JMAES-H1-EC","0-5 years","Stricter restricted (>=3 complete occasions)","Low Maternal Absence, Improving SES","High Maternal Absence, Low SES","High Maternal Absence, Low SES vs Low Maternal Absence, Improving SES","Comparator minus reference","higher","base_pathway_block","Base pathway block","Food insecurity; Violence exposure; Ever had sexual intercourse",3,8,"Total indirect effect",1365,9238,"Rubin pooled over 20 imputations; cluster-robust coefficient simulation, 120 sequential joint-block draws",0.0125653739787961,-0.00259066175881833,0.0277214097164106,"0.013 (-0.003, 0.028)",5.97242375046755e-05,6.87183619831154e-08,5.97963917847578e-05,13049064.0439134,20,0.333055139045923,"33.3%","positive; interval includes 0"
"base","Base causal mediation estimand with imputed maternal baseline","Primary","TE-JMAES-H1-EC","0-5 years","Stricter restricted (>=3 complete occasions)","Low Maternal Absence, Improving SES","High Maternal Absence, Low SES","High Maternal Absence, Low SES vs Low Maternal Absence, Improving SES","Comparator minus reference","higher","expanded_pathway_block","Expanded pathway block","Food insecurity; Violence exposure; Ever had sexual intercourse; Alcohol use; Lack of government grant receipt; Low social support; School disengagement",7,128,"Block direct effect",1365,9238,"Rubin pooled over 20 imputations; Point estimate only; interval simulation not run for this block",0.0260472212395495,,,"0.026",,1.26073558368776e-06,,,20,,"","positive; interval unavailable"
"base","Base causal mediation estimand with imputed maternal baseline","Primary","TE-JMAES-H1-EC","0-5 years","Stricter restricted (>=3 complete occasions)","Low Maternal Absence, Improving SES","High Maternal Absence, Low SES","High Maternal Absence, Low SES vs Low Maternal Absence, Improving SES","Comparator minus reference","higher","expanded_pathway_block","Expanded pathway block","Food insecurity; Violence exposure; Ever had sexual intercourse; Alcohol use; Lack of government grant receipt; Low social support; School disengagement",7,128,"Total effect",1365,9238,"Rubin pooled over 20 imputations; Point estimate only; interval simulation not run for this block",0.0372641735625176,,,"0.037",,1.49792540745456e-06,,,20,,"","positive; interval unavailable"
"base","Base causal mediation estimand with imputed maternal baseline","Primary","TE-JMAES-H1-EC","0-5 years","Stricter restricted (>=3 complete occasions)","Low Maternal Absence, Improving SES","High Maternal Absence, Low SES","High Maternal Absence, Low SES vs Low Maternal Absence, Improving SES","Comparator minus reference","higher","expanded_pathway_block","Expanded pathway block","Food insecurity; Violence exposure; Ever had sexual intercourse; Alcohol use; Lack of government grant receipt; Low social support; School disengagement",7,128,"Total indirect effect",1365,9238,"Rubin pooled over 20 imputations; Point estimate only; interval simulation not run for this block",0.0112169523229681,,,"0.011",,4.18107397879414e-08,,,20,0.301011702410347,"30.1%","positive; interval unavailable"
"base","Base causal mediation estimand with imputed maternal baseline","Primary","TE-JMAES-H1-EC","0-5 years","Stricter restricted (>=3 complete occasions)","Low Maternal Absence, Improving SES","Low Maternal Absence, Low SES","Low Maternal Absence, Low SES vs Low Maternal Absence, Improving SES","Comparator minus reference","higher","base_pathway_block","Base pathway block","Food insecurity; Violence exposure; Ever had sexual intercourse",3,8,"Block direct effect",1365,9238,"Rubin pooled over 20 imputations; cluster-robust coefficient simulation, 120 sequential joint-block draws",-0.00416246195093371,-0.0243996100287642,0.0160746861268968,"-0.004 (-0.024, 0.016)",0.000105398537669524,1.15315554430456e-06,0.000106609350991044,147295.615314718,20,,"","negative; interval includes 0"
"base","Base causal mediation estimand with imputed maternal baseline","Primary","TE-JMAES-H1-EC","0-5 years","Stricter restricted (>=3 complete occasions)","Low Maternal Absence, Improving SES","Low Maternal Absence, Low SES","Low Maternal Absence, Low SES vs Low Maternal Absence, Improving SES","Comparator minus reference","higher","base_pathway_block","Base pathway block","Food insecurity; Violence exposure; Ever had sexual intercourse",3,8,"Total effect",1365,9238,"Rubin pooled over 20 imputations; cluster-robust coefficient simulation, 120 sequential joint-block draws",-0.00198546409682538,-0.0227842992086782,0.0188133710150274,"-0.002 (-0.023, 0.019)",0.000111327863597613,1.22051852469617e-06,0.000112609408048544,146701.85421172,20,,"","negative; interval includes 0"
"base","Base causal mediation estimand with imputed maternal baseline","Primary","TE-JMAES-H1-EC","0-5 years","Stricter restricted (>=3 complete occasions)","Low Maternal Absence, Improving SES","Low Maternal Absence, Low SES","Low Maternal Absence, Low SES vs Low Maternal Absence, Improving SES","Comparator minus reference","higher","base_pathway_block","Base pathway block","Food insecurity; Violence exposure; Ever had sexual intercourse",3,8,"Total indirect effect",1365,9238,"Rubin pooled over 20 imputations; cluster-robust coefficient simulation, 120 sequential joint-block draws",0.00217699785410832,-0.00141912067198656,0.0057731163802032,"0.002 (-0.001, 0.006)",3.32609970302764e-06,3.83677279436748e-08,3.3663858173685e-06,132669.354414847,20,,"","positive; interval includes 0"
"base","Base causal mediation estimand with imputed maternal baseline","Primary","TE-JMAES-H1-EC","0-5 years","Stricter restricted (>=3 complete occasions)","Low Maternal Absence, Improving SES","Low Maternal Absence, Low SES","Low Maternal Absence, Low SES vs Low Maternal Absence, Improving SES","Comparator minus reference","higher","expanded_pathway_block","Expanded pathway block","Food insecurity; Violence exposure; Ever had sexual intercourse; Alcohol use; Lack of government grant receipt; Low social support; School disengagement",7,128,"Block direct effect",1365,9238,"Rubin pooled over 20 imputations; Point estimate only; interval simulation not run for this block",-0.00216996405799158,,,"-0.002",,1.14730718982543e-06,,,20,,"","negative; interval unavailable"
"base","Base causal mediation estimand with imputed maternal baseline","Primary","TE-JMAES-H1-EC","0-5 years","Stricter restricted (>=3 complete occasions)","Low Maternal Absence, Improving SES","Low Maternal Absence, Low SES","Low Maternal Absence, Low SES vs Low Maternal Absence, Improving SES","Comparator minus reference","higher","expanded_pathway_block","Expanded pathway block","Food insecurity; Violence exposure; Ever had sexual intercourse; Alcohol use; Lack of government grant receipt; Low social support; School disengagement",7,128,"Total effect",1365,9238,"Rubin pooled over 20 imputations; Point estimate only; interval simulation not run for this block",-0.00159634473538384,,,"-0.002",,1.19551943847099e-06,,,20,,"","negative; interval unavailable"
"base","Base causal mediation estimand with imputed maternal baseline","Primary","TE-JMAES-H1-EC","0-5 years","Stricter restricted (>=3 complete occasions)","Low Maternal Absence, Improving SES","Low Maternal Absence, Low SES","Low Maternal Absence, Low SES vs Low Maternal Absence, Improving SES","Comparator minus reference","higher","expanded_pathway_block","Expanded pathway block","Food insecurity; Violence exposure; Ever had sexual intercourse; Alcohol use; Lack of government grant receipt; Low social support; School disengagement",7,128,"Total indirect effect",1365,9238,"Rubin pooled over 20 imputations; Point estimate only; interval simulation not run for this block",0.000573619322607731,,,"0.001",,4.64428486468097e-08,,,20,,"","positive; interval unavailable"
"base","Base causal mediation estimand with imputed maternal baseline","Primary","TE-JMAES-H1-EC","0-5 years","Stricter restricted (>=3 complete occasions)","Low Maternal Absence, Improving SES","Rising Maternal Absence, Improving SES","Rising Maternal Absence, Improving SES vs Low Maternal Absence, Improving SES","Comparator minus reference","higher","base_pathway_block","Base pathway block","Food insecurity; Violence exposure; Ever had sexual intercourse",3,8,"Block direct effect",1365,9238,"Rubin pooled over 20 imputations; cluster-robust coefficient simulation, 120 sequential joint-block draws",-0.00505031215005661,-0.0497815794491006,0.0396809551489873,"-0.005 (-0.050, 0.040)",0.000520206206530124,6.28517248774968e-07,0.000520866149641338,11835670.5947008,20,,"","negative; interval includes 0"
"base","Base causal mediation estimand with imputed maternal baseline","Primary","TE-JMAES-H1-EC","0-5 years","Stricter restricted (>=3 complete occasions)","Low Maternal Absence, Improving SES","Rising Maternal Absence, Improving SES","Rising Maternal Absence, Improving SES vs Low Maternal Absence, Improving SES","Comparator minus reference","higher","base_pathway_block","Base pathway block","Food insecurity; Violence exposure; Ever had sexual intercourse",3,8,"Total effect",1365,9238,"Rubin pooled over 20 imputations; cluster-robust coefficient simulation, 120 sequential joint-block draws",-0.00763398741660165,-0.0500253923089111,0.0347574174757078,"-0.008 (-0.050, 0.035)",0.000467166390136553,6.02533957725831e-07,0.000467799050792166,10387968.3878125,20,,"","negative; interval includes 0"
"base","Base causal mediation estimand with imputed maternal baseline","Primary","TE-JMAES-H1-EC","0-5 years","Stricter restricted (>=3 complete occasions)","Low Maternal Absence, Improving SES","Rising Maternal Absence, Improving SES","Rising Maternal Absence, Improving SES vs Low Maternal Absence, Improving SES","Comparator minus reference","higher","base_pathway_block","Base pathway block","Food insecurity; Violence exposure; Ever had sexual intercourse",3,8,"Total indirect effect",1365,9238,"Rubin pooled over 20 imputations; cluster-robust coefficient simulation, 120 sequential joint-block draws",-0.00258367526654503,-0.00990282297806944,0.00473547244497938,"-0.003 (-0.010, 0.005)",1.39333017219749e-05,1.13345882815861e-08,1.39452030396706e-05,Inf,20,,"","negative; interval includes 0"
"base","Base causal mediation estimand with imputed maternal baseline","Primary","TE-JMAES-H1-EC","0-5 years","Stricter restricted (>=3 complete occasions)","Low Maternal Absence, Improving SES","Rising Maternal Absence, Improving SES","Rising Maternal Absence, Improving SES vs Low Maternal Absence, Improving SES","Comparator minus reference","higher","expanded_pathway_block","Expanded pathway block","Food insecurity; Violence exposure; Ever had sexual intercourse; Alcohol use; Lack of government grant receipt; Low social support; School disengagement",7,128,"Block direct effect",1365,9238,"Rubin pooled over 20 imputations; Point estimate only; interval simulation not run for this block",-0.00302128828243849,,,"-0.003",,7.15144318443752e-07,,,20,,"","negative; interval unavailable"
"base","Base causal mediation estimand with imputed maternal baseline","Primary","TE-JMAES-H1-EC","0-5 years","Stricter restricted (>=3 complete occasions)","Low Maternal Absence, Improving SES","Rising Maternal Absence, Improving SES","Rising Maternal Absence, Improving SES vs Low Maternal Absence, Improving SES","Comparator minus reference","higher","expanded_pathway_block","Expanded pathway block","Food insecurity; Violence exposure; Ever had sexual intercourse; Alcohol use; Lack of government grant receipt; Low social support; School disengagement",7,128,"Total effect",1365,9238,"Rubin pooled over 20 imputations; Point estimate only; interval simulation not run for this block",-0.00736613377415773,,,"-0.007",,6.99993635850363e-07,,,20,,"","negative; interval unavailable"
"base","Base causal mediation estimand with imputed maternal baseline","Primary","TE-JMAES-H1-EC","0-5 years","Stricter restricted (>=3 complete occasions)","Low Maternal Absence, Improving SES","Rising Maternal Absence, Improving SES","Rising Maternal Absence, Improving SES vs Low Maternal Absence, Improving SES","Comparator minus reference","higher","expanded_pathway_block","Expanded pathway block","Food insecurity; Violence exposure; Ever had sexual intercourse; Alcohol use; Lack of government grant receipt; Low social support; School disengagement",7,128,"Total indirect effect",1365,9238,"Rubin pooled over 20 imputations; Point estimate only; interval simulation not run for this block",-0.00434484549171923,,,"-0.004",,2.17484434918985e-08,,,20,,"","negative; interval unavailable"
"base","Base causal mediation estimand with imputed maternal baseline","Primary","TE-JMAES-H1-EC","0-5 years","Stricter restricted (>=3 complete occasions)","Low Maternal Absence, Improving SES","Rising Maternal Absence, Low SES","Rising Maternal Absence, Low SES vs Low Maternal Absence, Improving SES","Comparator minus reference","higher","base_pathway_block","Base pathway block","Food insecurity; Violence exposure; Ever had sexual intercourse",3,8,"Block direct effect",1365,9238,"Rubin pooled over 20 imputations; cluster-robust coefficient simulation, 120 sequential joint-block draws",-0.00266037387574713,-0.0298789218649923,0.0245581741134981,"-0.003 (-0.030, 0.025)",0.0001910264378794,1.74057960000722e-06,0.000192854046459407,211565.444974646,20,,"","negative; interval includes 0"
"base","Base causal mediation estimand with imputed maternal baseline","Primary","TE-JMAES-H1-EC","0-5 years","Stricter restricted (>=3 complete occasions)","Low Maternal Absence, Improving SES","Rising Maternal Absence, Low SES","Rising Maternal Absence, Low SES vs Low Maternal Absence, Improving SES","Comparator minus reference","higher","base_pathway_block","Base pathway block","Food insecurity; Violence exposure; Ever had sexual intercourse",3,8,"Total effect",1365,9238,"Rubin pooled over 20 imputations; cluster-robust coefficient simulation, 120 sequential joint-block draws",-0.000710227069788162,-0.0297421476828983,0.028321693543322,"-0.001 (-0.030, 0.028)",0.000217529116856541,1.78885411346544e-06,0.000219407413675679,259255.364214262,20,,"","negative; interval includes 0"
"base","Base causal mediation estimand with imputed maternal baseline","Primary","TE-JMAES-H1-EC","0-5 years","Stricter restricted (>=3 complete occasions)","Low Maternal Absence, Improving SES","Rising Maternal Absence, Low SES","Rising Maternal Absence, Low SES vs Low Maternal Absence, Improving SES","Comparator minus reference","higher","base_pathway_block","Base pathway block","Food insecurity; Violence exposure; Ever had sexual intercourse",3,8,"Total indirect effect",1365,9238,"Rubin pooled over 20 imputations; cluster-robust coefficient simulation, 120 sequential joint-block draws",0.00195014680595896,-0.00371554726440384,0.00761584087632177,"0.002 (-0.004, 0.008)",8.32478272367148e-06,2.99294608560164e-08,8.3562086575703e-06,1343370.37742596,20,,"","positive; interval includes 0"
"base","Base causal mediation estimand with imputed maternal baseline","Primary","TE-JMAES-H1-EC","0-5 years","Stricter restricted (>=3 complete occasions)","Low Maternal Absence, Improving SES","Rising Maternal Absence, Low SES","Rising Maternal Absence, Low SES vs Low Maternal Absence, Improving SES","Comparator minus reference","higher","expanded_pathway_block","Expanded pathway block","Food insecurity; Violence exposure; Ever had sexual intercourse; Alcohol use; Lack of government grant receipt; Low social support; School disengagement",7,128,"Block direct effect",1365,9238,"Rubin pooled over 20 imputations; Point estimate only; interval simulation not run for this block",-0.00144658819205234,,,"-0.001",,2.10647133796151e-06,,,20,,"","negative; interval unavailable"
"base","Base causal mediation estimand with imputed maternal baseline","Primary","TE-JMAES-H1-EC","0-5 years","Stricter restricted (>=3 complete occasions)","Low Maternal Absence, Improving SES","Rising Maternal Absence, Low SES","Rising Maternal Absence, Low SES vs Low Maternal Absence, Improving SES","Comparator minus reference","higher","expanded_pathway_block","Expanded pathway block","Food insecurity; Violence exposure; Ever had sexual intercourse; Alcohol use; Lack of government grant receipt; Low social support; School disengagement",7,128,"Total effect",1365,9238,"Rubin pooled over 20 imputations; Point estimate only; interval simulation not run for this block",0.000482215478534316,,,"0.000",,2.26220231897633e-06,,,20,,"","positive; interval unavailable"
"base","Base causal mediation estimand with imputed maternal baseline","Primary","TE-JMAES-H1-EC","0-5 years","Stricter restricted (>=3 complete occasions)","Low Maternal Absence, Improving SES","Rising Maternal Absence, Low SES","Rising Maternal Absence, Low SES vs Low Maternal Absence, Improving SES","Comparator minus reference","higher","expanded_pathway_block","Expanded pathway block","Food insecurity; Violence exposure; Ever had sexual intercourse; Alcohol use; Lack of government grant receipt; Low social support; School disengagement",7,128,"Total indirect effect",1365,9238,"Rubin pooled over 20 imputations; Point estimate only; interval simulation not run for this block",0.00192880367058666,,,"0.002",,4.10480169506701e-08,,,20,,"","positive; interval unavailable"
"base","Base causal mediation estimand with imputed maternal baseline","Primary","TE-JMAES-H1-MLC","6-12 years","Stricter restricted (>=3 complete occasions)","Low Maternal Absence, Higher SES","Decreasing Maternal Absence, Low SES","Decreasing Maternal Absence, Low SES vs Low Maternal Absence, Higher SES","Comparator minus reference","higher","base_pathway_block","Base pathway block","Food insecurity; Violence exposure; Ever had sexual intercourse",3,8,"Block direct effect",1365,9238,"Rubin pooled over 20 imputations; cluster-robust coefficient simulation, 120 sequential joint-block draws",0.0116024498907199,-0.0232823501552732,0.046487249936713,"0.012 (-0.023, 0.046)",0.000314524562472445,2.15894671732355e-06,0.000316791456525635,371054.818751339,20,,"","positive; interval includes 0"
"base","Base causal mediation estimand with imputed maternal baseline","Primary","TE-JMAES-H1-MLC","6-12 years","Stricter restricted (>=3 complete occasions)","Low Maternal Absence, Higher SES","Decreasing Maternal Absence, Low SES","Decreasing Maternal Absence, Low SES vs Low Maternal Absence, Higher SES","Comparator minus reference","higher","base_pathway_block","Base pathway block","Food insecurity; Violence exposure; Ever had sexual intercourse",3,8,"Total effect",1365,9238,"Rubin pooled over 20 imputations; cluster-robust coefficient simulation, 120 sequential joint-block draws",0.0215745865946221,-0.0225340244885173,0.0656831976777615,"0.022 (-0.023, 0.066)",0.00050338909865587,2.92843650496301e-06,0.000506463956986081,515466.524376277,20,,"","positive; interval includes 0"
"base","Base causal mediation estimand with imputed maternal baseline","Primary","TE-JMAES-H1-MLC","6-12 years","Stricter restricted (>=3 complete occasions)","Low Maternal Absence, Higher SES","Decreasing Maternal Absence, Low SES","Decreasing Maternal Absence, Low SES vs Low Maternal Absence, Higher SES","Comparator minus reference","higher","base_pathway_block","Base pathway block","Food insecurity; Violence exposure; Ever had sexual intercourse",3,8,"Total indirect effect",1365,9238,"Rubin pooled over 20 imputations; cluster-robust coefficient simulation, 120 sequential joint-block draws",0.00997213670390218,-0.00441991745893709,0.0243641908667415,"0.010 (-0.004, 0.024)",5.37879583554745e-05,1.25656118209366e-07,5.39198972795943e-05,3173261.3097541,20,0.462216815148056,"46.2%","positive; interval includes 0"
"base","Base causal mediation estimand with imputed maternal baseline","Primary","TE-JMAES-H1-MLC","6-12 years","Stricter restricted (>=3 complete occasions)","Low Maternal Absence, Higher SES","Decreasing Maternal Absence, Low SES","Decreasing Maternal Absence, Low SES vs Low Maternal Absence, Higher SES","Comparator minus reference","higher","expanded_pathway_block","Expanded pathway block","Food insecurity; Violence exposure; Ever had sexual intercourse; Alcohol use; Lack of government grant receipt; Low social support; School disengagement",7,128,"Block direct effect",1365,9238,"Rubin pooled over 20 imputations; Point estimate only; interval simulation not run for this block",0.0114922784462585,,,"0.011",,2.45746411137649e-06,,,20,,"","positive; interval unavailable"
"base","Base causal mediation estimand with imputed maternal baseline","Primary","TE-JMAES-H1-MLC","6-12 years","Stricter restricted (>=3 complete occasions)","Low Maternal Absence, Higher SES","Decreasing Maternal Absence, Low SES","Decreasing Maternal Absence, Low SES vs Low Maternal Absence, Higher SES","Comparator minus reference","higher","expanded_pathway_block","Expanded pathway block","Food insecurity; Violence exposure; Ever had sexual intercourse; Alcohol use; Lack of government grant receipt; Low social support; School disengagement",7,128,"Total effect",1365,9238,"Rubin pooled over 20 imputations; Point estimate only; interval simulation not run for this block",0.0215787245323078,,,"0.022",,3.56581242936734e-06,,,20,,"","positive; interval unavailable"
"base","Base causal mediation estimand with imputed maternal baseline","Primary","TE-JMAES-H1-MLC","6-12 years","Stricter restricted (>=3 complete occasions)","Low Maternal Absence, Higher SES","Decreasing Maternal Absence, Low SES","Decreasing Maternal Absence, Low SES vs Low Maternal Absence, Higher SES","Comparator minus reference","higher","expanded_pathway_block","Expanded pathway block","Food insecurity; Violence exposure; Ever had sexual intercourse; Alcohol use; Lack of government grant receipt; Low social support; School disengagement",7,128,"Total indirect effect",1365,9238,"Rubin pooled over 20 imputations; Point estimate only; interval simulation not run for this block",0.0100864460860493,,,"0.010",,1.98079789873308e-07,,,20,0.467425499173866,"46.7%","positive; interval unavailable"
"base","Base causal mediation estimand with imputed maternal baseline","Primary","TE-JMAES-H1-MLC","6-12 years","Stricter restricted (>=3 complete occasions)","Low Maternal Absence, Higher SES","High Maternal Absence, Improving SES","High Maternal Absence, Improving SES vs Low Maternal Absence, Higher SES","Comparator minus reference","higher","base_pathway_block","Base pathway block","Food insecurity; Violence exposure; Ever had sexual intercourse",3,8,"Block direct effect",1365,9238,"Rubin pooled over 20 imputations; cluster-robust coefficient simulation, 120 sequential joint-block draws",0.0259785138733563,-0.0123668360002089,0.0643238637469215,"0.026 (-0.012, 0.064)",0.000380494020390283,2.15869793435666e-06,0.000382760653221357,541808.513748538,20,,"","positive; interval includes 0"
"base","Base causal mediation estimand with imputed maternal baseline","Primary","TE-JMAES-H1-MLC","6-12 years","Stricter restricted (>=3 complete occasions)","Low Maternal Absence, Higher SES","High Maternal Absence, Improving SES","High Maternal Absence, Improving SES vs Low Maternal Absence, Higher SES","Comparator minus reference","higher","base_pathway_block","Base pathway block","Food insecurity; Violence exposure; Ever had sexual intercourse",3,8,"Total effect",1365,9238,"Rubin pooled over 20 imputations; cluster-robust coefficient simulation, 120 sequential joint-block draws",0.0234052253333942,-0.0135782789264866,0.0603887295932749,"0.023 (-0.014, 0.060)",0.000354179658341153,1.78706287552423e-06,0.000356056074360453,684119.761495295,20,,"","positive; interval includes 0"
"base","Base causal mediation estimand with imputed maternal baseline","Primary","TE-JMAES-H1-MLC","6-12 years","Stricter restricted (>=3 complete occasions)","Low Maternal Absence, Higher SES","High Maternal Absence, Improving SES","High Maternal Absence, Improving SES vs Low Maternal Absence, Higher SES","Comparator minus reference","higher","base_pathway_block","Base pathway block","Food insecurity; Violence exposure; Ever had sexual intercourse",3,8,"Total indirect effect",1365,9238,"Rubin pooled over 20 imputations; cluster-robust coefficient simulation, 120 sequential joint-block draws",-0.00257328853996212,-0.0105395595154778,0.00539298243555359,"-0.003 (-0.011, 0.005)",1.6433241366602e-05,8.27140597879759e-08,1.65200911293794e-05,687450.140747595,20,,"","negative; interval includes 0"
"base","Base causal mediation estimand with imputed maternal baseline","Primary","TE-JMAES-H1-MLC","6-12 years","Stricter restricted (>=3 complete occasions)","Low Maternal Absence, Higher SES","High Maternal Absence, Improving SES","High Maternal Absence, Improving SES vs Low Maternal Absence, Higher SES","Comparator minus reference","higher","expanded_pathway_block","Expanded pathway block","Food insecurity; Violence exposure; Ever had sexual intercourse; Alcohol use; Lack of government grant receipt; Low social support; School disengagement",7,128,"Block direct effect",1365,9238,"Rubin pooled over 20 imputations; Point estimate only; interval simulation not run for this block",0.0234787503280033,,,"0.023",,2.27374953764712e-06,,,20,,"","positive; interval unavailable"
"base","Base causal mediation estimand with imputed maternal baseline","Primary","TE-JMAES-H1-MLC","6-12 years","Stricter restricted (>=3 complete occasions)","Low Maternal Absence, Higher SES","High Maternal Absence, Improving SES","High Maternal Absence, Improving SES vs Low Maternal Absence, Higher SES","Comparator minus reference","higher","expanded_pathway_block","Expanded pathway block","Food insecurity; Violence exposure; Ever had sexual intercourse; Alcohol use; Lack of government grant receipt; Low social support; School disengagement",7,128,"Total effect",1365,9238,"Rubin pooled over 20 imputations; Point estimate only; interval simulation not run for this block",0.0215407244138856,,,"0.022",,2.02377851372447e-06,,,20,,"","positive; interval unavailable"
"base","Base causal mediation estimand with imputed maternal baseline","Primary","TE-JMAES-H1-MLC","6-12 years","Stricter restricted (>=3 complete occasions)","Low Maternal Absence, Higher SES","High Maternal Absence, Improving SES","High Maternal Absence, Improving SES vs Low Maternal Absence, Higher SES","Comparator minus reference","higher","expanded_pathway_block","Expanded pathway block","Food insecurity; Violence exposure; Ever had sexual intercourse; Alcohol use; Lack of government grant receipt; Low social support; School disengagement",7,128,"Total indirect effect",1365,9238,"Rubin pooled over 20 imputations; Point estimate only; interval simulation not run for this block",-0.00193802591411771,,,"-0.002",,8.96965861436978e-08,,,20,,"","negative; interval unavailable"
"base","Base causal mediation estimand with imputed maternal baseline","Primary","TE-JMAES-H1-MLC","6-12 years","Stricter restricted (>=3 complete occasions)","Low Maternal Absence, Higher SES","High Maternal Absence, Low SES","High Maternal Absence, Low SES vs Low Maternal Absence, Higher SES","Comparator minus reference","higher","base_pathway_block","Base pathway block","Food insecurity; Violence exposure; Ever had sexual intercourse",3,8,"Block direct effect",1365,9238,"Rubin pooled over 20 imputations; cluster-robust coefficient simulation, 120 sequential joint-block draws",0.0434736250577725,-0.007944326878513,0.0948915769940581,"0.043 (-0.008, 0.095)",0.000685249576322061,2.83658197144587e-06,0.000688227987392079,1014492.8380336,20,,"","positive; interval includes 0"
"base","Base causal mediation estimand with imputed maternal baseline","Primary","TE-JMAES-H1-MLC","6-12 years","Stricter restricted (>=3 complete occasions)","Low Maternal Absence, Higher SES","High Maternal Absence, Low SES","High Maternal Absence, Low SES vs Low Maternal Absence, Higher SES","Comparator minus reference","higher","base_pathway_block","Base pathway block","Food insecurity; Violence exposure; Ever had sexual intercourse",3,8,"Total effect",1365,9238,"Rubin pooled over 20 imputations; cluster-robust coefficient simulation, 120 sequential joint-block draws",0.0642910713076865,0.00120088626757994,0.127381256347793,"0.064 (0.001, 0.127)",0.00103282595138978,3.17534041888073e-06,0.0010361600588296,1835050.89759399,20,,"","positive; interval excludes 0"
"base","Base causal mediation estimand with imputed maternal baseline","Primary","TE-JMAES-H1-MLC","6-12 years","Stricter restricted (>=3 complete occasions)","Low Maternal Absence, Higher SES","High Maternal Absence, Low SES","High Maternal Absence, Low SES vs Low Maternal Absence, Higher SES","Comparator minus reference","higher","base_pathway_block","Base pathway block","Food insecurity; Violence exposure; Ever had sexual intercourse",3,8,"Total indirect effect",1365,9238,"Rubin pooled over 20 imputations; cluster-robust coefficient simulation, 120 sequential joint-block draws",0.0208174462499139,-0.000173399906739202,0.041808292406567,"0.021 (-0.000, 0.042)",0.000114566405823518,1.27286947560097e-07,0.000114700057118457,13993763.4187519,20,0.3237999589443,"32.4%","positive; interval includes 0"
"base","Base causal mediation estimand with imputed maternal baseline","Primary","TE-JMAES-H1-MLC","6-12 years","Stricter restricted (>=3 complete occasions)","Low Maternal Absence, Higher SES","High Maternal Absence, Low SES","High Maternal Absence, Low SES vs Low Maternal Absence, Higher SES","Comparator minus reference","higher","expanded_pathway_block","Expanded pathway block","Food insecurity; Violence exposure; Ever had sexual intercourse; Alcohol use; Lack of government grant receipt; Low social support; School disengagement",7,128,"Block direct effect",1365,9238,"Rubin pooled over 20 imputations; Point estimate only; interval simulation not run for this block",0.0456292135385708,,,"0.046",,2.73722658119363e-06,,,20,,"","positive; interval unavailable"
"base","Base causal mediation estimand with imputed maternal baseline","Primary","TE-JMAES-H1-MLC","6-12 years","Stricter restricted (>=3 complete occasions)","Low Maternal Absence, Higher SES","High Maternal Absence, Low SES","High Maternal Absence, Low SES vs Low Maternal Absence, Higher SES","Comparator minus reference","higher","expanded_pathway_block","Expanded pathway block","Food insecurity; Violence exposure; Ever had sexual intercourse; Alcohol use; Lack of government grant receipt; Low social support; School disengagement",7,128,"Total effect",1365,9238,"Rubin pooled over 20 imputations; Point estimate only; interval simulation not run for this block",0.0668497433648792,,,"0.067",,3.12227356275927e-06,,,20,,"","positive; interval unavailable"
"base","Base causal mediation estimand with imputed maternal baseline","Primary","TE-JMAES-H1-MLC","6-12 years","Stricter restricted (>=3 complete occasions)","Low Maternal Absence, Higher SES","High Maternal Absence, Low SES","High Maternal Absence, Low SES vs Low Maternal Absence, Higher SES","Comparator minus reference","higher","expanded_pathway_block","Expanded pathway block","Food insecurity; Violence exposure; Ever had sexual intercourse; Alcohol use; Lack of government grant receipt; Low social support; School disengagement",7,128,"Total indirect effect",1365,9238,"Rubin pooled over 20 imputations; Point estimate only; interval simulation not run for this block",0.0212205298263084,,,"0.021",,1.34849000459442e-07,,,20,0.317436219769499,"31.7%","positive; interval unavailable"
"base","Base causal mediation estimand with imputed maternal baseline","Primary","TE-JMAES-H1-MLC","6-12 years","Stricter restricted (>=3 complete occasions)","Low Maternal Absence, Higher SES","Low Maternal Absence, Improving SES","Low Maternal Absence, Improving SES vs Low Maternal Absence, Higher SES","Comparator minus reference","higher","base_pathway_block","Base pathway block","Food insecurity; Violence exposure; Ever had sexual intercourse",3,8,"Block direct effect",1365,9238,"Rubin pooled over 20 imputations; cluster-robust coefficient simulation, 120 sequential joint-block draws",0.00556827804375887,-0.0149202545137608,0.0260568106012786,"0.006 (-0.015, 0.026)",0.000108699787115624,5.48582343252266e-07,0.000109275798576039,683816.113377488,20,,"","positive; interval includes 0"
"base","Base causal mediation estimand with imputed maternal baseline","Primary","TE-JMAES-H1-MLC","6-12 years","Stricter restricted (>=3 complete occasions)","Low Maternal Absence, Higher SES","Low Maternal Absence, Improving SES","Low Maternal Absence, Improving SES vs Low Maternal Absence, Higher SES","Comparator minus reference","higher","base_pathway_block","Base pathway block","Food insecurity; Violence exposure; Ever had sexual intercourse",3,8,"Total effect",1365,9238,"Rubin pooled over 20 imputations; cluster-robust coefficient simulation, 120 sequential joint-block draws",0.00660603559784446,-0.0146790836672822,0.0278911548629712,"0.007 (-0.015, 0.028)",0.000117364718633081,5.4622191390212e-07,0.000117938251642678,803426.466663999,20,,"","positive; interval includes 0"
"base","Base causal mediation estimand with imputed maternal baseline","Primary","TE-JMAES-H1-MLC","6-12 years","Stricter restricted (>=3 complete occasions)","Low Maternal Absence, Higher SES","Low Maternal Absence, Improving SES","Low Maternal Absence, Improving SES vs Low Maternal Absence, Higher SES","Comparator minus reference","higher","base_pathway_block","Base pathway block","Food insecurity; Violence exposure; Ever had sexual intercourse",3,8,"Total indirect effect",1365,9238,"Rubin pooled over 20 imputations; cluster-robust coefficient simulation, 120 sequential joint-block draws",0.00103775755408559,-0.00265509314525828,0.00473060825342946,"0.001 (-0.003, 0.005)",3.53368717209088e-06,1.55188870726884e-08,3.54998200351721e-06,901791.546574035,20,,"","positive; interval includes 0"
"base","Base causal mediation estimand with imputed maternal baseline","Primary","TE-JMAES-H1-MLC","6-12 years","Stricter restricted (>=3 complete occasions)","Low Maternal Absence, Higher SES","Low Maternal Absence, Improving SES","Low Maternal Absence, Improving SES vs Low Maternal Absence, Higher SES","Comparator minus reference","higher","expanded_pathway_block","Expanded pathway block","Food insecurity; Violence exposure; Ever had sexual intercourse; Alcohol use; Lack of government grant receipt; Low social support; School disengagement",7,128,"Block direct effect",1365,9238,"Rubin pooled over 20 imputations; Point estimate only; interval simulation not run for this block",0.00572209421833958,,,"0.006",,5.53644382591181e-07,,,20,,"","positive; interval unavailable"
"base","Base causal mediation estimand with imputed maternal baseline","Primary","TE-JMAES-H1-MLC","6-12 years","Stricter restricted (>=3 complete occasions)","Low Maternal Absence, Higher SES","Low Maternal Absence, Improving SES","Low Maternal Absence, Improving SES vs Low Maternal Absence, Higher SES","Comparator minus reference","higher","expanded_pathway_block","Expanded pathway block","Food insecurity; Violence exposure; Ever had sexual intercourse; Alcohol use; Lack of government grant receipt; Low social support; School disengagement",7,128,"Total effect",1365,9238,"Rubin pooled over 20 imputations; Point estimate only; interval simulation not run for this block",0.00645082810221666,,,"0.006",,5.29118689904315e-07,,,20,,"","positive; interval unavailable"
"base","Base causal mediation estimand with imputed maternal baseline","Primary","TE-JMAES-H1-MLC","6-12 years","Stricter restricted (>=3 complete occasions)","Low Maternal Absence, Higher SES","Low Maternal Absence, Improving SES","Low Maternal Absence, Improving SES vs Low Maternal Absence, Higher SES","Comparator minus reference","higher","expanded_pathway_block","Expanded pathway block","Food insecurity; Violence exposure; Ever had sexual intercourse; Alcohol use; Lack of government grant receipt; Low social support; School disengagement",7,128,"Total indirect effect",1365,9238,"Rubin pooled over 20 imputations; Point estimate only; interval simulation not run for this block",0.000728733883877084,,,"0.001",,1.80258421722589e-08,,,20,,"","positive; interval unavailable"
"base","Base causal mediation estimand with imputed maternal baseline","Primary","TE-JMAES-H1-MLC","6-12 years","Stricter restricted (>=3 complete occasions)","Low Maternal Absence, Higher SES","Low Maternal Absence, Low SES","Low Maternal Absence, Low SES vs Low Maternal Absence, Higher SES","Comparator minus reference","higher","base_pathway_block","Base pathway block","Food insecurity; Violence exposure; Ever had sexual intercourse",3,8,"Block direct effect",1365,9238,"Rubin pooled over 20 imputations; cluster-robust coefficient simulation, 120 sequential joint-block draws",0.002036627095899,-0.0266400704549266,0.0307133246467246,"0.002 (-0.027, 0.031)",0.000211962342983815,2.00772180155571e-06,0.000214070450875449,195921.176681068,20,,"","positive; interval includes 0"
"base","Base causal mediation estimand with imputed maternal baseline","Primary","TE-JMAES-H1-MLC","6-12 years","Stricter restricted (>=3 complete occasions)","Low Maternal Absence, Higher SES","Low Maternal Absence, Low SES","Low Maternal Absence, Low SES vs Low Maternal Absence, Higher SES","Comparator minus reference","higher","base_pathway_block","Base pathway block","Food insecurity; Violence exposure; Ever had sexual intercourse",3,8,"Total effect",1365,9238,"Rubin pooled over 20 imputations; cluster-robust coefficient simulation, 120 sequential joint-block draws",0.00275553491565962,-0.0266250321849662,0.0321361020162854,"0.003 (-0.027, 0.032)",0.000222467995472431,2.13340334751514e-06,0.000224708068987321,191190.537325463,20,,"","positive; interval includes 0"
"base","Base causal mediation estimand with imputed maternal baseline","Primary","TE-JMAES-H1-MLC","6-12 years","Stricter restricted (>=3 complete occasions)","Low Maternal Absence, Higher SES","Low Maternal Absence, Low SES","Low Maternal Absence, Low SES vs Low Maternal Absence, Higher SES","Comparator minus reference","higher","base_pathway_block","Base pathway block","Food insecurity; Violence exposure; Ever had sexual intercourse",3,8,"Total indirect effect",1365,9238,"Rubin pooled over 20 imputations; cluster-robust coefficient simulation, 120 sequential joint-block draws",0.00071890781976063,-0.00385904525223044,0.0052968608917517,"0.001 (-0.004, 0.005)",5.41357534690963e-06,4.00316817039039e-08,5.45560861269873e-06,320076.467730518,20,,"","positive; interval includes 0"
"base","Base causal mediation estimand with imputed maternal baseline","Primary","TE-JMAES-H1-MLC","6-12 years","Stricter restricted (>=3 complete occasions)","Low Maternal Absence, Higher SES","Low Maternal Absence, Low SES","Low Maternal Absence, Low SES vs Low Maternal Absence, Higher SES","Comparator minus reference","higher","expanded_pathway_block","Expanded pathway block","Food insecurity; Violence exposure; Ever had sexual intercourse; Alcohol use; Lack of government grant receipt; Low social support; School disengagement",7,128,"Block direct effect",1365,9238,"Rubin pooled over 20 imputations; Point estimate only; interval simulation not run for this block",0.00285136170596212,,,"0.003",,2.01232970236067e-06,,,20,,"","positive; interval unavailable"
"base","Base causal mediation estimand with imputed maternal baseline","Primary","TE-JMAES-H1-MLC","6-12 years","Stricter restricted (>=3 complete occasions)","Low Maternal Absence, Higher SES","Low Maternal Absence, Low SES","Low Maternal Absence, Low SES vs Low Maternal Absence, Higher SES","Comparator minus reference","higher","expanded_pathway_block","Expanded pathway block","Food insecurity; Violence exposure; Ever had sexual intercourse; Alcohol use; Lack of government grant receipt; Low social support; School disengagement",7,128,"Total effect",1365,9238,"Rubin pooled over 20 imputations; Point estimate only; interval simulation not run for this block",0.00314132216705624,,,"0.003",,2.07711636760147e-06,,,20,,"","positive; interval unavailable"
"base","Base causal mediation estimand with imputed maternal baseline","Primary","TE-JMAES-H1-MLC","6-12 years","Stricter restricted (>=3 complete occasions)","Low Maternal Absence, Higher SES","Low Maternal Absence, Low SES","Low Maternal Absence, Low SES vs Low Maternal Absence, Higher SES","Comparator minus reference","higher","expanded_pathway_block","Expanded pathway block","Food insecurity; Violence exposure; Ever had sexual intercourse; Alcohol use; Lack of government grant receipt; Low social support; School disengagement",7,128,"Total indirect effect",1365,9238,"Rubin pooled over 20 imputations; Point estimate only; interval simulation not run for this block",0.000289960461094118,,,"0.000",,5.69685499022387e-08,,,20,,"","positive; interval unavailable"
"base","Base causal mediation estimand with imputed maternal baseline","Primary","TE-JMAES-H1-MLC","6-12 years","Stricter restricted (>=3 complete occasions)","Low Maternal Absence, Higher SES","Rising Maternal Absence, Improving SES","Rising Maternal Absence, Improving SES vs Low Maternal Absence, Higher SES","Comparator minus reference","higher","base_pathway_block","Base pathway block","Food insecurity; Violence exposure; Ever had sexual intercourse",3,8,"Block direct effect",1365,9238,"Rubin pooled over 20 imputations; cluster-robust coefficient simulation, 120 sequential joint-block draws",0.0382135443912036,-0.0131907141573032,0.0896178029397103,"0.038 (-0.013, 0.090)",0.000685494019370137,2.25528401710604e-06,0.000687862067588098,1603153.98944468,20,,"","positive; interval includes 0"
"base","Base causal mediation estimand with imputed maternal baseline","Primary","TE-JMAES-H1-MLC","6-12 years","Stricter restricted (>=3 complete occasions)","Low Maternal Absence, Higher SES","Rising Maternal Absence, Improving SES","Rising Maternal Absence, Improving SES vs Low Maternal Absence, Higher SES","Comparator minus reference","higher","base_pathway_block","Base pathway block","Food insecurity; Violence exposure; Ever had sexual intercourse",3,8,"Total effect",1365,9238,"Rubin pooled over 20 imputations; cluster-robust coefficient simulation, 120 sequential joint-block draws",0.039565582739515,-0.0139108722406516,0.0930420377196815,"0.040 (-0.014, 0.093)",0.000742357499343308,1.98154562202662e-06,0.000744438122246436,2432338.7647761,20,,"","positive; interval includes 0"
"base","Base causal mediation estimand with imputed maternal baseline","Primary","TE-JMAES-H1-MLC","6-12 years","Stricter restricted (>=3 complete occasions)","Low Maternal Absence, Higher SES","Rising Maternal Absence, Improving SES","Rising Maternal Absence, Improving SES vs Low Maternal Absence, Higher SES","Comparator minus reference","higher","base_pathway_block","Base pathway block","Food insecurity; Violence exposure; Ever had sexual intercourse",3,8,"Total indirect effect",1365,9238,"Rubin pooled over 20 imputations; cluster-robust coefficient simulation, 120 sequential joint-block draws",0.00135203834831142,-0.0114792907294248,0.0141833674260476,"0.001 (-0.011, 0.014)",4.26743863537021e-05,1.76202193473568e-07,4.28593986568493e-05,1019634.516083,20,0.0341720822668715,"3.4%","positive; interval includes 0"
"base","Base causal mediation estimand with imputed maternal baseline","Primary","TE-JMAES-H1-MLC","6-12 years","Stricter restricted (>=3 complete occasions)","Low Maternal Absence, Higher SES","Rising Maternal Absence, Improving SES","Rising Maternal Absence, Improving SES vs Low Maternal Absence, Higher SES","Comparator minus reference","higher","expanded_pathway_block","Expanded pathway block","Food insecurity; Violence exposure; Ever had sexual intercourse; Alcohol use; Lack of government grant receipt; Low social support; School disengagement",7,128,"Block direct effect",1365,9238,"Rubin pooled over 20 imputations; Point estimate only; interval simulation not run for this block",0.0401738537152844,,,"0.040",,2.4632713035382e-06,,,20,,"","positive; interval unavailable"
"base","Base causal mediation estimand with imputed maternal baseline","Primary","TE-JMAES-H1-MLC","6-12 years","Stricter restricted (>=3 complete occasions)","Low Maternal Absence, Higher SES","Rising Maternal Absence, Improving SES","Rising Maternal Absence, Improving SES vs Low Maternal Absence, Higher SES","Comparator minus reference","higher","expanded_pathway_block","Expanded pathway block","Food insecurity; Violence exposure; Ever had sexual intercourse; Alcohol use; Lack of government grant receipt; Low social support; School disengagement",7,128,"Total effect",1365,9238,"Rubin pooled over 20 imputations; Point estimate only; interval simulation not run for this block",0.0392655422324228,,,"0.039",,2.29549878320052e-06,,,20,,"","positive; interval unavailable"
"base","Base causal mediation estimand with imputed maternal baseline","Primary","TE-JMAES-H1-MLC","6-12 years","Stricter restricted (>=3 complete occasions)","Low Maternal Absence, Higher SES","Rising Maternal Absence, Improving SES","Rising Maternal Absence, Improving SES vs Low Maternal Absence, Higher SES","Comparator minus reference","higher","expanded_pathway_block","Expanded pathway block","Food insecurity; Violence exposure; Ever had sexual intercourse; Alcohol use; Lack of government grant receipt; Low social support; School disengagement",7,128,"Total indirect effect",1365,9238,"Rubin pooled over 20 imputations; Point estimate only; interval simulation not run for this block",-0.000908311482861594,,,"-0.001",,2.4378931444874e-07,,,20,,"","negative; interval unavailable"
"fixed_context","Fixed-context-adjusted decomposition with imputed maternal baseline","Primary","TE-JMAES-H1-EC","0-5 years","Stricter restricted (>=3 complete occasions)","Low Maternal Absence, Improving SES","High Maternal Absence, Low SES","High Maternal Absence, Low SES vs Low Maternal Absence, Improving SES","Comparator minus reference","higher","base_pathway_block","Base pathway block","Food insecurity; Violence exposure; Ever had sexual intercourse",3,8,"Block direct effect",1364,9229,"Rubin pooled over 20 imputations; cluster-robust coefficient simulation, 120 sequential joint-block draws",0.0233789380975794,-0.024534718945612,0.0712925951407708,"0.023 (-0.025, 0.071)",0.000596418765387049,1.14024890938227e-06,0.0005976160267419,4733911.59544464,20,,"","positive; interval includes 0"
"fixed_context","Fixed-context-adjusted decomposition with imputed maternal baseline","Primary","TE-JMAES-H1-EC","0-5 years","Stricter restricted (>=3 complete occasions)","Low Maternal Absence, Improving SES","High Maternal Absence, Low SES","High Maternal Absence, Low SES vs Low Maternal Absence, Improving SES","Comparator minus reference","higher","base_pathway_block","Base pathway block","Food insecurity; Violence exposure; Ever had sexual intercourse",3,8,"Total effect",1364,9229,"Rubin pooled over 20 imputations; cluster-robust coefficient simulation, 120 sequential joint-block draws",0.0341605042963696,-0.0197832640667119,0.0881042726594511,"0.034 (-0.020, 0.088)",0.000755890066041332,1.53907210339558e-06,0.000757506091749897,4174739.00366511,20,,"","positive; interval includes 0"
"fixed_context","Fixed-context-adjusted decomposition with imputed maternal baseline","Primary","TE-JMAES-H1-EC","0-5 years","Stricter restricted (>=3 complete occasions)","Low Maternal Absence, Improving SES","High Maternal Absence, Low SES","High Maternal Absence, Low SES vs Low Maternal Absence, Improving SES","Comparator minus reference","higher","base_pathway_block","Base pathway block","Food insecurity; Violence exposure; Ever had sexual intercourse",3,8,"Total indirect effect",1364,9229,"Rubin pooled over 20 imputations; cluster-robust coefficient simulation, 120 sequential joint-block draws",0.0107815661987902,-0.00286825767452471,0.0244313900721051,"0.011 (-0.003, 0.024)",4.84449046442762e-05,5.41839904388011e-08,4.8501797834237e-05,13808569.9726489,20,0.315614960050107,"31.6%","positive; interval includes 0"
"fixed_context","Fixed-context-adjusted decomposition with imputed maternal baseline","Primary","TE-JMAES-H1-EC","0-5 years","Stricter restricted (>=3 complete occasions)","Low Maternal Absence, Improving SES","High Maternal Absence, Low SES","High Maternal Absence, Low SES vs Low Maternal Absence, Improving SES","Comparator minus reference","higher","expanded_pathway_block","Expanded pathway block","Food insecurity; Violence exposure; Ever had sexual intercourse; Alcohol use; Lack of government grant receipt; Low social support; School disengagement",7,128,"Block direct effect",1364,9229,"Rubin pooled over 20 imputations; Point estimate only; interval simulation not run for this block",0.0225248446354321,,,"0.023",,1.08091377487581e-06,,,20,,"","positive; interval unavailable"
"fixed_context","Fixed-context-adjusted decomposition with imputed maternal baseline","Primary","TE-JMAES-H1-EC","0-5 years","Stricter restricted (>=3 complete occasions)","Low Maternal Absence, Improving SES","High Maternal Absence, Low SES","High Maternal Absence, Low SES vs Low Maternal Absence, Improving SES","Comparator minus reference","higher","expanded_pathway_block","Expanded pathway block","Food insecurity; Violence exposure; Ever had sexual intercourse; Alcohol use; Lack of government grant receipt; Low social support; School disengagement",7,128,"Total effect",1364,9229,"Rubin pooled over 20 imputations; Point estimate only; interval simulation not run for this block",0.0321204542059855,,,"0.032",,1.31117459298775e-06,,,20,,"","positive; interval unavailable"
"fixed_context","Fixed-context-adjusted decomposition with imputed maternal baseline","Primary","TE-JMAES-H1-EC","0-5 years","Stricter restricted (>=3 complete occasions)","Low Maternal Absence, Improving SES","High Maternal Absence, Low SES","High Maternal Absence, Low SES vs Low Maternal Absence, Improving SES","Comparator minus reference","higher","expanded_pathway_block","Expanded pathway block","Food insecurity; Violence exposure; Ever had sexual intercourse; Alcohol use; Lack of government grant receipt; Low social support; School disengagement",7,128,"Total indirect effect",1364,9229,"Rubin pooled over 20 imputations; Point estimate only; interval simulation not run for this block",0.0095956095705534,,,"0.010",,3.15515188805036e-08,,,20,0.298738290218987,"29.9%","positive; interval unavailable"
"fixed_context","Fixed-context-adjusted decomposition with imputed maternal baseline","Primary","TE-JMAES-H1-EC","0-5 years","Stricter restricted (>=3 complete occasions)","Low Maternal Absence, Improving SES","Low Maternal Absence, Low SES","Low Maternal Absence, Low SES vs Low Maternal Absence, Improving SES","Comparator minus reference","higher","base_pathway_block","Base pathway block","Food insecurity; Violence exposure; Ever had sexual intercourse",3,8,"Block direct effect",1364,9229,"Rubin pooled over 20 imputations; cluster-robust coefficient simulation, 120 sequential joint-block draws",-0.00429208655421978,-0.0249177753661179,0.0163336022576784,"-0.004 (-0.025, 0.016)",0.000109648873759476,1.04179601534706e-06,0.00011074275957559,194733.334981185,20,,"","negative; interval includes 0"
"fixed_context","Fixed-context-adjusted decomposition with imputed maternal baseline","Primary","TE-JMAES-H1-EC","0-5 years","Stricter restricted (>=3 complete occasions)","Low Maternal Absence, Improving SES","Low Maternal Absence, Low SES","Low Maternal Absence, Low SES vs Low Maternal Absence, Improving SES","Comparator minus reference","higher","base_pathway_block","Base pathway block","Food insecurity; Violence exposure; Ever had sexual intercourse",3,8,"Total effect",1364,9229,"Rubin pooled over 20 imputations; cluster-robust coefficient simulation, 120 sequential joint-block draws",-0.00246109362644263,-0.0234537305220995,0.0185315432692142,"-0.002 (-0.023, 0.019)",0.000113596287608926,1.06853559808838e-06,0.000114718249986919,198637.865125189,20,,"","negative; interval includes 0"
"fixed_context","Fixed-context-adjusted decomposition with imputed maternal baseline","Primary","TE-JMAES-H1-EC","0-5 years","Stricter restricted (>=3 complete occasions)","Low Maternal Absence, Improving SES","Low Maternal Absence, Low SES","Low Maternal Absence, Low SES vs Low Maternal Absence, Improving SES","Comparator minus reference","higher","base_pathway_block","Base pathway block","Food insecurity; Violence exposure; Ever had sexual intercourse",3,8,"Total indirect effect",1364,9229,"Rubin pooled over 20 imputations; cluster-robust coefficient simulation, 120 sequential joint-block draws",0.00183099292777714,-0.00143284283604809,0.00509482869160237,"0.002 (-0.001, 0.005)",2.75120740918184e-06,2.07980891507792e-08,2.77304540279016e-06,306367.076577338,20,,"","positive; interval includes 0"
"fixed_context","Fixed-context-adjusted decomposition with imputed maternal baseline","Primary","TE-JMAES-H1-EC","0-5 years","Stricter restricted (>=3 complete occasions)","Low Maternal Absence, Improving SES","Low Maternal Absence, Low SES","Low Maternal Absence, Low SES vs Low Maternal Absence, Improving SES","Comparator minus reference","higher","expanded_pathway_block","Expanded pathway block","Food insecurity; Violence exposure; Ever had sexual intercourse; Alcohol use; Lack of government grant receipt; Low social support; School disengagement",7,128,"Block direct effect",1364,9229,"Rubin pooled over 20 imputations; Point estimate only; interval simulation not run for this block",-0.00361593268761164,,,"-0.004",,1.1284486897866e-06,,,20,,"","negative; interval unavailable"
"fixed_context","Fixed-context-adjusted decomposition with imputed maternal baseline","Primary","TE-JMAES-H1-EC","0-5 years","Stricter restricted (>=3 complete occasions)","Low Maternal Absence, Improving SES","Low Maternal Absence, Low SES","Low Maternal Absence, Low SES vs Low Maternal Absence, Improving SES","Comparator minus reference","higher","expanded_pathway_block","Expanded pathway block","Food insecurity; Violence exposure; Ever had sexual intercourse; Alcohol use; Lack of government grant receipt; Low social support; School disengagement",7,128,"Total effect",1364,9229,"Rubin pooled over 20 imputations; Point estimate only; interval simulation not run for this block",-0.0027451522140245,,,"-0.003",,1.13001518374357e-06,,,20,,"","negative; interval unavailable"
"fixed_context","Fixed-context-adjusted decomposition with imputed maternal baseline","Primary","TE-JMAES-H1-EC","0-5 years","Stricter restricted (>=3 complete occasions)","Low Maternal Absence, Improving SES","Low Maternal Absence, Low SES","Low Maternal Absence, Low SES vs Low Maternal Absence, Improving SES","Comparator minus reference","higher","expanded_pathway_block","Expanded pathway block","Food insecurity; Violence exposure; Ever had sexual intercourse; Alcohol use; Lack of government grant receipt; Low social support; School disengagement",7,128,"Total indirect effect",1364,9229,"Rubin pooled over 20 imputations; Point estimate only; interval simulation not run for this block",0.000870780473587131,,,"0.001",,2.9152019645848e-08,,,20,,"","positive; interval unavailable"
"fixed_context","Fixed-context-adjusted decomposition with imputed maternal baseline","Primary","TE-JMAES-H1-EC","0-5 years","Stricter restricted (>=3 complete occasions)","Low Maternal Absence, Improving SES","Rising Maternal Absence, Improving SES","Rising Maternal Absence, Improving SES vs Low Maternal Absence, Improving SES","Comparator minus reference","higher","base_pathway_block","Base pathway block","Food insecurity; Violence exposure; Ever had sexual intercourse",3,8,"Block direct effect",1364,9229,"Rubin pooled over 20 imputations; cluster-robust coefficient simulation, 120 sequential joint-block draws",-0.00539722105983489,-0.0537102742808816,0.0429158321612118,"-0.005 (-0.054, 0.043)",0.000606810859914582,7.71446194131961e-07,0.000607620878418421,10691265.0793342,20,,"","negative; interval includes 0"
"fixed_context","Fixed-context-adjusted decomposition with imputed maternal baseline","Primary","TE-JMAES-H1-EC","0-5 years","Stricter restricted (>=3 complete occasions)","Low Maternal Absence, Improving SES","Rising Maternal Absence, Improving SES","Rising Maternal Absence, Improving SES vs Low Maternal Absence, Improving SES","Comparator minus reference","higher","base_pathway_block","Base pathway block","Food insecurity; Violence exposure; Ever had sexual intercourse",3,8,"Total effect",1364,9229,"Rubin pooled over 20 imputations; cluster-robust coefficient simulation, 120 sequential joint-block draws",-0.00650340550497707,-0.0544248565269507,0.0414180455169966,"-0.007 (-0.054, 0.041)",0.000596983419402365,7.8781716687883e-07,0.000597810627427588,9923191.79347776,20,,"","negative; interval includes 0"
"fixed_context","Fixed-context-adjusted decomposition with imputed maternal baseline","Primary","TE-JMAES-H1-EC","0-5 years","Stricter restricted (>=3 complete occasions)","Low Maternal Absence, Improving SES","Rising Maternal Absence, Improving SES","Rising Maternal Absence, Improving SES vs Low Maternal Absence, Improving SES","Comparator minus reference","higher","base_pathway_block","Base pathway block","Food insecurity; Violence exposure; Ever had sexual intercourse",3,8,"Total indirect effect",1364,9229,"Rubin pooled over 20 imputations; cluster-robust coefficient simulation, 120 sequential joint-block draws",-0.00110618444514218,-0.00744255515776966,0.0052301862674853,"-0.001 (-0.007, 0.005)",1.04413380126133e-05,9.82359921321165e-09,1.04516527917872e-05,Inf,20,,"","negative; interval includes 0"
"fixed_context","Fixed-context-adjusted decomposition with imputed maternal baseline","Primary","TE-JMAES-H1-EC","0-5 years","Stricter restricted (>=3 complete occasions)","Low Maternal Absence, Improving SES","Rising Maternal Absence, Improving SES","Rising Maternal Absence, Improving SES vs Low Maternal Absence, Improving SES","Comparator minus reference","higher","expanded_pathway_block","Expanded pathway block","Food insecurity; Violence exposure; Ever had sexual intercourse; Alcohol use; Lack of government grant receipt; Low social support; School disengagement",7,128,"Block direct effect",1364,9229,"Rubin pooled over 20 imputations; Point estimate only; interval simulation not run for this block",-0.00375151897058583,,,"-0.004",,9.37481544244604e-07,,,20,,"","negative; interval unavailable"
"fixed_context","Fixed-context-adjusted decomposition with imputed maternal baseline","Primary","TE-JMAES-H1-EC","0-5 years","Stricter restricted (>=3 complete occasions)","Low Maternal Absence, Improving SES","Rising Maternal Absence, Improving SES","Rising Maternal Absence, Improving SES vs Low Maternal Absence, Improving SES","Comparator minus reference","higher","expanded_pathway_block","Expanded pathway block","Food insecurity; Violence exposure; Ever had sexual intercourse; Alcohol use; Lack of government grant receipt; Low social support; School disengagement",7,128,"Total effect",1364,9229,"Rubin pooled over 20 imputations; Point estimate only; interval simulation not run for this block",-0.00655097095386204,,,"-0.007",,9.48109318416746e-07,,,20,,"","negative; interval unavailable"
"fixed_context","Fixed-context-adjusted decomposition with imputed maternal baseline","Primary","TE-JMAES-H1-EC","0-5 years","Stricter restricted (>=3 complete occasions)","Low Maternal Absence, Improving SES","Rising Maternal Absence, Improving SES","Rising Maternal Absence, Improving SES vs Low Maternal Absence, Improving SES","Comparator minus reference","higher","expanded_pathway_block","Expanded pathway block","Food insecurity; Violence exposure; Ever had sexual intercourse; Alcohol use; Lack of government grant receipt; Low social support; School disengagement",7,128,"Total indirect effect",1364,9229,"Rubin pooled over 20 imputations; Point estimate only; interval simulation not run for this block",-0.0027994519832762,,,"-0.003",,1.75383561485407e-08,,,20,,"","negative; interval unavailable"
"fixed_context","Fixed-context-adjusted decomposition with imputed maternal baseline","Primary","TE-JMAES-H1-EC","0-5 years","Stricter restricted (>=3 complete occasions)","Low Maternal Absence, Improving SES","Rising Maternal Absence, Low SES","Rising Maternal Absence, Low SES vs Low Maternal Absence, Improving SES","Comparator minus reference","higher","base_pathway_block","Base pathway block","Food insecurity; Violence exposure; Ever had sexual intercourse",3,8,"Block direct effect",1364,9229,"Rubin pooled over 20 imputations; cluster-robust coefficient simulation, 120 sequential joint-block draws",-0.00359575674710781,-0.0312641108278162,0.0240725973336006,"-0.004 (-0.031, 0.024)",0.000197162964216022,2.01644617463117e-06,0.000199280232699385,168317.851341056,20,,"","negative; interval includes 0"
"fixed_context","Fixed-context-adjusted decomposition with imputed maternal baseline","Primary","TE-JMAES-H1-EC","0-5 years","Stricter restricted (>=3 complete occasions)","Low Maternal Absence, Improving SES","Rising Maternal Absence, Low SES","Rising Maternal Absence, Low SES vs Low Maternal Absence, Improving SES","Comparator minus reference","higher","base_pathway_block","Base pathway block","Food insecurity; Violence exposure; Ever had sexual intercourse",3,8,"Total effect",1364,9229,"Rubin pooled over 20 imputations; cluster-robust coefficient simulation, 120 sequential joint-block draws",-0.00280328826729143,-0.0311452672110495,0.0255386906764666,"-0.003 (-0.031, 0.026)",0.000206971348887156,2.02929598187434e-06,0.000209102109668124,182978.912009778,20,,"","negative; interval includes 0"
"fixed_context","Fixed-context-adjusted decomposition with imputed maternal baseline","Primary","TE-JMAES-H1-EC","0-5 years","Stricter restricted (>=3 complete occasions)","Low Maternal Absence, Improving SES","Rising Maternal Absence, Low SES","Rising Maternal Absence, Low SES vs Low Maternal Absence, Improving SES","Comparator minus reference","higher","base_pathway_block","Base pathway block","Food insecurity; Violence exposure; Ever had sexual intercourse",3,8,"Total indirect effect",1364,9229,"Rubin pooled over 20 imputations; cluster-robust coefficient simulation, 120 sequential joint-block draws",0.000792468479816377,-0.00358418542484689,0.00516912238447965,"0.001 (-0.004, 0.005)",4.96822593327412e-06,1.73127759374982e-08,4.9864043480085e-06,1429606.68773947,20,,"","positive; interval includes 0"
"fixed_context","Fixed-context-adjusted decomposition with imputed maternal baseline","Primary","TE-JMAES-H1-EC","0-5 years","Stricter restricted (>=3 complete occasions)","Low Maternal Absence, Improving SES","Rising Maternal Absence, Low SES","Rising Maternal Absence, Low SES vs Low Maternal Absence, Improving SES","Comparator minus reference","higher","expanded_pathway_block","Expanded pathway block","Food insecurity; Violence exposure; Ever had sexual intercourse; Alcohol use; Lack of government grant receipt; Low social support; School disengagement",7,128,"Block direct effect",1364,9229,"Rubin pooled over 20 imputations; Point estimate only; interval simulation not run for this block",-0.00385958451774152,,,"-0.004",,2.35573738381353e-06,,,20,,"","negative; interval unavailable"
"fixed_context","Fixed-context-adjusted decomposition with imputed maternal baseline","Primary","TE-JMAES-H1-EC","0-5 years","Stricter restricted (>=3 complete occasions)","Low Maternal Absence, Improving SES","Rising Maternal Absence, Low SES","Rising Maternal Absence, Low SES vs Low Maternal Absence, Improving SES","Comparator minus reference","higher","expanded_pathway_block","Expanded pathway block","Food insecurity; Violence exposure; Ever had sexual intercourse; Alcohol use; Lack of government grant receipt; Low social support; School disengagement",7,128,"Total effect",1364,9229,"Rubin pooled over 20 imputations; Point estimate only; interval simulation not run for this block",-0.00255833956555146,,,"-0.003",,2.45359291279364e-06,,,20,,"","negative; interval unavailable"
"fixed_context","Fixed-context-adjusted decomposition with imputed maternal baseline","Primary","TE-JMAES-H1-EC","0-5 years","Stricter restricted (>=3 complete occasions)","Low Maternal Absence, Improving SES","Rising Maternal Absence, Low SES","Rising Maternal Absence, Low SES vs Low Maternal Absence, Improving SES","Comparator minus reference","higher","expanded_pathway_block","Expanded pathway block","Food insecurity; Violence exposure; Ever had sexual intercourse; Alcohol use; Lack of government grant receipt; Low social support; School disengagement",7,128,"Total indirect effect",1364,9229,"Rubin pooled over 20 imputations; Point estimate only; interval simulation not run for this block",0.00130124495219005,,,"0.001",,3.31655291365161e-08,,,20,,"","positive; interval unavailable"
"fixed_context","Fixed-context-adjusted decomposition with imputed maternal baseline","Primary","TE-JMAES-H1-MLC","6-12 years","Stricter restricted (>=3 complete occasions)","Low Maternal Absence, Higher SES","Decreasing Maternal Absence, Low SES","Decreasing Maternal Absence, Low SES vs Low Maternal Absence, Higher SES","Comparator minus reference","higher","base_pathway_block","Base pathway block","Food insecurity; Violence exposure; Ever had sexual intercourse",3,8,"Block direct effect",1364,9229,"Rubin pooled over 20 imputations; cluster-robust coefficient simulation, 120 sequential joint-block draws",0.00927933242164655,-0.0253878326493679,0.043946497492661,"0.009 (-0.025, 0.044)",0.000310697704999972,2.05096672564469e-06,0.000312851220061899,400989.942289665,20,,"","positive; interval includes 0"
"fixed_context","Fixed-context-adjusted decomposition with imputed maternal baseline","Primary","TE-JMAES-H1-MLC","6-12 years","Stricter restricted (>=3 complete occasions)","Low Maternal Absence, Higher SES","Decreasing Maternal Absence, Low SES","Decreasing Maternal Absence, Low SES vs Low Maternal Absence, Higher SES","Comparator minus reference","higher","base_pathway_block","Base pathway block","Food insecurity; Violence exposure; Ever had sexual intercourse",3,8,"Total effect",1364,9229,"Rubin pooled over 20 imputations; cluster-robust coefficient simulation, 120 sequential joint-block draws",0.0153581868942357,-0.0245832301136382,0.0552996039021096,"0.015 (-0.025, 0.055)",0.000412680071526896,2.48300534095444e-06,0.000415287227134898,482077.478832313,20,,"","positive; interval includes 0"
"fixed_context","Fixed-context-adjusted decomposition with imputed maternal baseline","Primary","TE-JMAES-H1-MLC","6-12 years","Stricter restricted (>=3 complete occasions)","Low Maternal Absence, Higher SES","Decreasing Maternal Absence, Low SES","Decreasing Maternal Absence, Low SES vs Low Maternal Absence, Higher SES","Comparator minus reference","higher","base_pathway_block","Base pathway block","Food insecurity; Violence exposure; Ever had sexual intercourse",3,8,"Total indirect effect",1364,9229,"Rubin pooled over 20 imputations; cluster-robust coefficient simulation, 120 sequential joint-block draws",0.00607885447258916,-0.00403928435956382,0.0161969933047421,"0.006 (-0.004, 0.016)",2.65962779988083e-05,5.16105467161674e-08,2.66504690728603e-05,4595235.76514853,20,0.395805475897073,"39.6%","positive; interval includes 0"
"fixed_context","Fixed-context-adjusted decomposition with imputed maternal baseline","Primary","TE-JMAES-H1-MLC","6-12 years","Stricter restricted (>=3 complete occasions)","Low Maternal Absence, Higher SES","Decreasing Maternal Absence, Low SES","Decreasing Maternal Absence, Low SES vs Low Maternal Absence, Higher SES","Comparator minus reference","higher","expanded_pathway_block","Expanded pathway block","Food insecurity; Violence exposure; Ever had sexual intercourse; Alcohol use; Lack of government grant receipt; Low social support; School disengagement",7,128,"Block direct effect",1364,9229,"Rubin pooled over 20 imputations; Point estimate only; interval simulation not run for this block",0.0089093771556312,,,"0.009",,2.29111042502424e-06,,,20,,"","positive; interval unavailable"
"fixed_context","Fixed-context-adjusted decomposition with imputed maternal baseline","Primary","TE-JMAES-H1-MLC","6-12 years","Stricter restricted (>=3 complete occasions)","Low Maternal Absence, Higher SES","Decreasing Maternal Absence, Low SES","Decreasing Maternal Absence, Low SES vs Low Maternal Absence, Higher SES","Comparator minus reference","higher","expanded_pathway_block","Expanded pathway block","Food insecurity; Violence exposure; Ever had sexual intercourse; Alcohol use; Lack of government grant receipt; Low social support; School disengagement",7,128,"Total effect",1364,9229,"Rubin pooled over 20 imputations; Point estimate only; interval simulation not run for this block",0.015000313723721,,,"0.015",,2.90276254743829e-06,,,20,,"","positive; interval unavailable"
"fixed_context","Fixed-context-adjusted decomposition with imputed maternal baseline","Primary","TE-JMAES-H1-MLC","6-12 years","Stricter restricted (>=3 complete occasions)","Low Maternal Absence, Higher SES","Decreasing Maternal Absence, Low SES","Decreasing Maternal Absence, Low SES vs Low Maternal Absence, Higher SES","Comparator minus reference","higher","expanded_pathway_block","Expanded pathway block","Food insecurity; Violence exposure; Ever had sexual intercourse; Alcohol use; Lack of government grant receipt; Low social support; School disengagement",7,128,"Total indirect effect",1364,9229,"Rubin pooled over 20 imputations; Point estimate only; interval simulation not run for this block",0.00609093656808978,,,"0.006",,8.88158789752725e-08,,,20,0.40605394528901,"40.6%","positive; interval unavailable"
"fixed_context","Fixed-context-adjusted decomposition with imputed maternal baseline","Primary","TE-JMAES-H1-MLC","6-12 years","Stricter restricted (>=3 complete occasions)","Low Maternal Absence, Higher SES","High Maternal Absence, Improving SES","High Maternal Absence, Improving SES vs Low Maternal Absence, Higher SES","Comparator minus reference","higher","base_pathway_block","Base pathway block","Food insecurity; Violence exposure; Ever had sexual intercourse",3,8,"Block direct effect",1364,9229,"Rubin pooled over 20 imputations; cluster-robust coefficient simulation, 120 sequential joint-block draws",0.0235063353289463,-0.0136083121779927,0.0606209828358852,"0.024 (-0.014, 0.061)",0.000356619257109897,1.87269912712783e-06,0.000358585591193381,631865.518151463,20,,"","positive; interval includes 0"
"fixed_context","Fixed-context-adjusted decomposition with imputed maternal baseline","Primary","TE-JMAES-H1-MLC","6-12 years","Stricter restricted (>=3 complete occasions)","Low Maternal Absence, Higher SES","High Maternal Absence, Improving SES","High Maternal Absence, Improving SES vs Low Maternal Absence, Higher SES","Comparator minus reference","higher","base_pathway_block","Base pathway block","Food insecurity; Violence exposure; Ever had sexual intercourse",3,8,"Total effect",1364,9229,"Rubin pooled over 20 imputations; cluster-robust coefficient simulation, 120 sequential joint-block draws",0.0218682600821999,-0.0146767972234478,0.0584133173878476,"0.022 (-0.015, 0.058)",0.000345952072812419,1.63044356773913e-06,0.000347664038558545,783579.383238159,20,,"","positive; interval includes 0"
"fixed_context","Fixed-context-adjusted decomposition with imputed maternal baseline","Primary","TE-JMAES-H1-MLC","6-12 years","Stricter restricted (>=3 complete occasions)","Low Maternal Absence, Higher SES","High Maternal Absence, Improving SES","High Maternal Absence, Improving SES vs Low Maternal Absence, Higher SES","Comparator minus reference","higher","base_pathway_block","Base pathway block","Food insecurity; Violence exposure; Ever had sexual intercourse",3,8,"Total indirect effect",1364,9229,"Rubin pooled over 20 imputations; cluster-robust coefficient simulation, 120 sequential joint-block draws",-0.00163807524674635,-0.00831485127352626,0.00503870078003355,"-0.002 (-0.008, 0.005)",1.15642302625447e-05,3.86149015868367e-08,1.16047759092109e-05,1556462.4770077,20,,"","negative; interval includes 0"
"fixed_context","Fixed-context-adjusted decomposition with imputed maternal baseline","Primary","TE-JMAES-H1-MLC","6-12 years","Stricter restricted (>=3 complete occasions)","Low Maternal Absence, Higher SES","High Maternal Absence, Improving SES","High Maternal Absence, Improving SES vs Low Maternal Absence, Higher SES","Comparator minus reference","higher","expanded_pathway_block","Expanded pathway block","Food insecurity; Violence exposure; Ever had sexual intercourse; Alcohol use; Lack of government grant receipt; Low social support; School disengagement",7,128,"Block direct effect",1364,9229,"Rubin pooled over 20 imputations; Point estimate only; interval simulation not run for this block",0.0212815461822227,,,"0.021",,2.13042209416878e-06,,,20,,"","positive; interval unavailable"
"fixed_context","Fixed-context-adjusted decomposition with imputed maternal baseline","Primary","TE-JMAES-H1-MLC","6-12 years","Stricter restricted (>=3 complete occasions)","Low Maternal Absence, Higher SES","High Maternal Absence, Improving SES","High Maternal Absence, Improving SES vs Low Maternal Absence, Higher SES","Comparator minus reference","higher","expanded_pathway_block","Expanded pathway block","Food insecurity; Violence exposure; Ever had sexual intercourse; Alcohol use; Lack of government grant receipt; Low social support; School disengagement",7,128,"Total effect",1364,9229,"Rubin pooled over 20 imputations; Point estimate only; interval simulation not run for this block",0.0196431627905338,,,"0.020",,1.90611109355014e-06,,,20,,"","positive; interval unavailable"
"fixed_context","Fixed-context-adjusted decomposition with imputed maternal baseline","Primary","TE-JMAES-H1-MLC","6-12 years","Stricter restricted (>=3 complete occasions)","Low Maternal Absence, Higher SES","High Maternal Absence, Improving SES","High Maternal Absence, Improving SES vs Low Maternal Absence, Higher SES","Comparator minus reference","higher","expanded_pathway_block","Expanded pathway block","Food insecurity; Violence exposure; Ever had sexual intercourse; Alcohol use; Lack of government grant receipt; Low social support; School disengagement",7,128,"Total indirect effect",1364,9229,"Rubin pooled over 20 imputations; Point estimate only; interval simulation not run for this block",-0.00163838339168888,,,"-0.002",,5.3412827167643e-08,,,20,,"","negative; interval unavailable"
"fixed_context","Fixed-context-adjusted decomposition with imputed maternal baseline","Primary","TE-JMAES-H1-MLC","6-12 years","Stricter restricted (>=3 complete occasions)","Low Maternal Absence, Higher SES","High Maternal Absence, Low SES","High Maternal Absence, Low SES vs Low Maternal Absence, Higher SES","Comparator minus reference","higher","base_pathway_block","Base pathway block","Food insecurity; Violence exposure; Ever had sexual intercourse",3,8,"Block direct effect",1364,9229,"Rubin pooled over 20 imputations; cluster-robust coefficient simulation, 120 sequential joint-block draws",0.050672491896137,-0.0041714538495172,0.105516437641791,"0.051 (-0.004, 0.106)",0.000779685033523307,3.15445098124004e-06,0.000782997207053609,1061812.57062931,20,,"","positive; interval includes 0"
"fixed_context","Fixed-context-adjusted decomposition with imputed maternal baseline","Primary","TE-JMAES-H1-MLC","6-12 years","Stricter restricted (>=3 complete occasions)","Low Maternal Absence, Higher SES","High Maternal Absence, Low SES","High Maternal Absence, Low SES vs Low Maternal Absence, Higher SES","Comparator minus reference","higher","base_pathway_block","Base pathway block","Food insecurity; Violence exposure; Ever had sexual intercourse",3,8,"Total effect",1364,9229,"Rubin pooled over 20 imputations; cluster-robust coefficient simulation, 120 sequential joint-block draws",0.0673300114986113,0.00322050674366751,0.131439516253555,"0.067 (0.003, 0.131)",0.00106637749950735,3.36618980756111e-06,0.00106991199880529,1740980.54330761,20,,"","positive; interval excludes 0"
"fixed_context","Fixed-context-adjusted decomposition with imputed maternal baseline","Primary","TE-JMAES-H1-MLC","6-12 years","Stricter restricted (>=3 complete occasions)","Low Maternal Absence, Higher SES","High Maternal Absence, Low SES","High Maternal Absence, Low SES vs Low Maternal Absence, Higher SES","Comparator minus reference","higher","base_pathway_block","Base pathway block","Food insecurity; Violence exposure; Ever had sexual intercourse",3,8,"Total indirect effect",1364,9229,"Rubin pooled over 20 imputations; cluster-robust coefficient simulation, 120 sequential joint-block draws",0.0166575196024742,-0.00263019898320559,0.0359452381881541,"0.017 (-0.003, 0.036)",9.6775255044869e-05,6.39410715367763e-08,9.68423931699826e-05,39531765.3842397,20,0.247401110317912,"24.7%","positive; interval includes 0"
"fixed_context","Fixed-context-adjusted decomposition with imputed maternal baseline","Primary","TE-JMAES-H1-MLC","6-12 years","Stricter restricted (>=3 complete occasions)","Low Maternal Absence, Higher SES","High Maternal Absence, Low SES","High Maternal Absence, Low SES vs Low Maternal Absence, Higher SES","Comparator minus reference","higher","expanded_pathway_block","Expanded pathway block","Food insecurity; Violence exposure; Ever had sexual intercourse; Alcohol use; Lack of government grant receipt; Low social support; School disengagement",7,128,"Block direct effect",1364,9229,"Rubin pooled over 20 imputations; Point estimate only; interval simulation not run for this block",0.0506712396862534,,,"0.051",,3.14625563773585e-06,,,20,,"","positive; interval unavailable"
"fixed_context","Fixed-context-adjusted decomposition with imputed maternal baseline","Primary","TE-JMAES-H1-MLC","6-12 years","Stricter restricted (>=3 complete occasions)","Low Maternal Absence, Higher SES","High Maternal Absence, Low SES","High Maternal Absence, Low SES vs Low Maternal Absence, Higher SES","Comparator minus reference","higher","expanded_pathway_block","Expanded pathway block","Food insecurity; Violence exposure; Ever had sexual intercourse; Alcohol use; Lack of government grant receipt; Low social support; School disengagement",7,128,"Total effect",1364,9229,"Rubin pooled over 20 imputations; Point estimate only; interval simulation not run for this block",0.069254267739449,,,"0.069",,3.32611086436144e-06,,,20,,"","positive; interval unavailable"
"fixed_context","Fixed-context-adjusted decomposition with imputed maternal baseline","Primary","TE-JMAES-H1-MLC","6-12 years","Stricter restricted (>=3 complete occasions)","Low Maternal Absence, Higher SES","High Maternal Absence, Low SES","High Maternal Absence, Low SES vs Low Maternal Absence, Higher SES","Comparator minus reference","higher","expanded_pathway_block","Expanded pathway block","Food insecurity; Violence exposure; Ever had sexual intercourse; Alcohol use; Lack of government grant receipt; Low social support; School disengagement",7,128,"Total indirect effect",1364,9229,"Rubin pooled over 20 imputations; Point estimate only; interval simulation not run for this block",0.0185830280531956,,,"0.019",,9.80712636622017e-08,,,20,0.268330438827385,"26.8%","positive; interval unavailable"
"fixed_context","Fixed-context-adjusted decomposition with imputed maternal baseline","Primary","TE-JMAES-H1-MLC","6-12 years","Stricter restricted (>=3 complete occasions)","Low Maternal Absence, Higher SES","Low Maternal Absence, Improving SES","Low Maternal Absence, Improving SES vs Low Maternal Absence, Higher SES","Comparator minus reference","higher","base_pathway_block","Base pathway block","Food insecurity; Violence exposure; Ever had sexual intercourse",3,8,"Block direct effect",1364,9229,"Rubin pooled over 20 imputations; cluster-robust coefficient simulation, 120 sequential joint-block draws",0.00532953630642724,-0.015365240139028,0.0260243127518825,"0.005 (-0.015, 0.026)",0.000110826226990419,6.29093699272486e-07,0.000111486775374656,541241.439163867,20,,"","positive; interval includes 0"
"fixed_context","Fixed-context-adjusted decomposition with imputed maternal baseline","Primary","TE-JMAES-H1-MLC","6-12 years","Stricter restricted (>=3 complete occasions)","Low Maternal Absence, Higher SES","Low Maternal Absence, Improving SES","Low Maternal Absence, Improving SES vs Low Maternal Absence, Higher SES","Comparator minus reference","higher","base_pathway_block","Base pathway block","Food insecurity; Violence exposure; Ever had sexual intercourse",3,8,"Total effect",1364,9229,"Rubin pooled over 20 imputations; cluster-robust coefficient simulation, 120 sequential joint-block draws",0.00609369119212597,-0.0151148144708118,0.0273021968550637,"0.006 (-0.015, 0.027)",0.000116433368827522,6.25981175030649e-07,0.000117090649061304,602971.636563853,20,,"","positive; interval includes 0"
"fixed_context","Fixed-context-adjusted decomposition with imputed maternal baseline","Primary","TE-JMAES-H1-MLC","6-12 years","Stricter restricted (>=3 complete occasions)","Low Maternal Absence, Higher SES","Low Maternal Absence, Improving SES","Low Maternal Absence, Improving SES vs Low Maternal Absence, Higher SES","Comparator minus reference","higher","base_pathway_block","Base pathway block","Food insecurity; Violence exposure; Ever had sexual intercourse",3,8,"Total indirect effect",1364,9229,"Rubin pooled over 20 imputations; cluster-robust coefficient simulation, 120 sequential joint-block draws",0.000764154885698725,-0.00245185609281304,0.00398016586421049,"0.001 (-0.002, 0.004)",2.68313785774967e-06,8.81684469546635e-09,2.69239554467991e-06,Inf,20,,"","positive; interval includes 0"
"fixed_context","Fixed-context-adjusted decomposition with imputed maternal baseline","Primary","TE-JMAES-H1-MLC","6-12 years","Stricter restricted (>=3 complete occasions)","Low Maternal Absence, Higher SES","Low Maternal Absence, Improving SES","Low Maternal Absence, Improving SES vs Low Maternal Absence, Higher SES","Comparator minus reference","higher","expanded_pathway_block","Expanded pathway block","Food insecurity; Violence exposure; Ever had sexual intercourse; Alcohol use; Lack of government grant receipt; Low social support; School disengagement",7,128,"Block direct effect",1364,9229,"Rubin pooled over 20 imputations; Point estimate only; interval simulation not run for this block",0.00521838096287843,,,"0.005",,6.60834131268123e-07,,,20,,"","positive; interval unavailable"
"fixed_context","Fixed-context-adjusted decomposition with imputed maternal baseline","Primary","TE-JMAES-H1-MLC","6-12 years","Stricter restricted (>=3 complete occasions)","Low Maternal Absence, Higher SES","Low Maternal Absence, Improving SES","Low Maternal Absence, Improving SES vs Low Maternal Absence, Higher SES","Comparator minus reference","higher","expanded_pathway_block","Expanded pathway block","Food insecurity; Violence exposure; Ever had sexual intercourse; Alcohol use; Lack of government grant receipt; Low social support; School disengagement",7,128,"Total effect",1364,9229,"Rubin pooled over 20 imputations; Point estimate only; interval simulation not run for this block",0.0056778158464418,,,"0.006",,6.11620373475356e-07,,,20,,"","positive; interval unavailable"
"fixed_context","Fixed-context-adjusted decomposition with imputed maternal baseline","Primary","TE-JMAES-H1-MLC","6-12 years","Stricter restricted (>=3 complete occasions)","Low Maternal Absence, Higher SES","Low Maternal Absence, Improving SES","Low Maternal Absence, Improving SES vs Low Maternal Absence, Higher SES","Comparator minus reference","higher","expanded_pathway_block","Expanded pathway block","Food insecurity; Violence exposure; Ever had sexual intercourse; Alcohol use; Lack of government grant receipt; Low social support; School disengagement",7,128,"Total indirect effect",1364,9229,"Rubin pooled over 20 imputations; Point estimate only; interval simulation not run for this block",0.000459434883563367,,,"0.000",,1.20834220642521e-08,,,20,,"","positive; interval unavailable"
"fixed_context","Fixed-context-adjusted decomposition with imputed maternal baseline","Primary","TE-JMAES-H1-MLC","6-12 years","Stricter restricted (>=3 complete occasions)","Low Maternal Absence, Higher SES","Low Maternal Absence, Low SES","Low Maternal Absence, Low SES vs Low Maternal Absence, Higher SES","Comparator minus reference","higher","base_pathway_block","Base pathway block","Food insecurity; Violence exposure; Ever had sexual intercourse",3,8,"Block direct effect",1364,9229,"Rubin pooled over 20 imputations; cluster-robust coefficient simulation, 120 sequential joint-block draws",0.00384500178998043,-0.0271165333340054,0.0348065369139663,"0.004 (-0.027, 0.035)",0.000247689548013202,1.76538070454186e-06,0.000249543197752971,344341.782990034,20,,"","positive; interval includes 0"
"fixed_context","Fixed-context-adjusted decomposition with imputed maternal baseline","Primary","TE-JMAES-H1-MLC","6-12 years","Stricter restricted (>=3 complete occasions)","Low Maternal Absence, Higher SES","Low Maternal Absence, Low SES","Low Maternal Absence, Low SES vs Low Maternal Absence, Higher SES","Comparator minus reference","higher","base_pathway_block","Base pathway block","Food insecurity; Violence exposure; Ever had sexual intercourse",3,8,"Total effect",1364,9229,"Rubin pooled over 20 imputations; cluster-robust coefficient simulation, 120 sequential joint-block draws",0.00536050158433233,-0.0267690786248746,0.0374900817935392,"0.005 (-0.027, 0.037)",0.000266710720801329,1.91997283797136e-06,0.000268726692281199,337603.115925647,20,,"","positive; interval includes 0"
"fixed_context","Fixed-context-adjusted decomposition with imputed maternal baseline","Primary","TE-JMAES-H1-MLC","6-12 years","Stricter restricted (>=3 complete occasions)","Low Maternal Absence, Higher SES","Low Maternal Absence, Low SES","Low Maternal Absence, Low SES vs Low Maternal Absence, Higher SES","Comparator minus reference","higher","base_pathway_block","Base pathway block","Food insecurity; Violence exposure; Ever had sexual intercourse",3,8,"Total indirect effect",1364,9229,"Rubin pooled over 20 imputations; cluster-robust coefficient simulation, 120 sequential joint-block draws",0.0015154997943519,-0.00320444146937632,0.00623544105808011,"0.002 (-0.003, 0.006)",5.75866682215761e-06,3.86819441635956e-08,5.79928286352938e-06,387353.067802193,20,,"","positive; interval includes 0"
"fixed_context","Fixed-context-adjusted decomposition with imputed maternal baseline","Primary","TE-JMAES-H1-MLC","6-12 years","Stricter restricted (>=3 complete occasions)","Low Maternal Absence, Higher SES","Low Maternal Absence, Low SES","Low Maternal Absence, Low SES vs Low Maternal Absence, Higher SES","Comparator minus reference","higher","expanded_pathway_block","Expanded pathway block","Food insecurity; Violence exposure; Ever had sexual intercourse; Alcohol use; Lack of government grant receipt; Low social support; School disengagement",7,128,"Block direct effect",1364,9229,"Rubin pooled over 20 imputations; Point estimate only; interval simulation not run for this block",0.00344843267965639,,,"0.003",,1.85299125995875e-06,,,20,,"","positive; interval unavailable"
"fixed_context","Fixed-context-adjusted decomposition with imputed maternal baseline","Primary","TE-JMAES-H1-MLC","6-12 years","Stricter restricted (>=3 complete occasions)","Low Maternal Absence, Higher SES","Low Maternal Absence, Low SES","Low Maternal Absence, Low SES vs Low Maternal Absence, Higher SES","Comparator minus reference","higher","expanded_pathway_block","Expanded pathway block","Food insecurity; Violence exposure; Ever had sexual intercourse; Alcohol use; Lack of government grant receipt; Low social support; School disengagement",7,128,"Total effect",1364,9229,"Rubin pooled over 20 imputations; Point estimate only; interval simulation not run for this block",0.00539082810654279,,,"0.005",,2.03490435712051e-06,,,20,,"","positive; interval unavailable"
"fixed_context","Fixed-context-adjusted decomposition with imputed maternal baseline","Primary","TE-JMAES-H1-MLC","6-12 years","Stricter restricted (>=3 complete occasions)","Low Maternal Absence, Higher SES","Low Maternal Absence, Low SES","Low Maternal Absence, Low SES vs Low Maternal Absence, Higher SES","Comparator minus reference","higher","expanded_pathway_block","Expanded pathway block","Food insecurity; Violence exposure; Ever had sexual intercourse; Alcohol use; Lack of government grant receipt; Low social support; School disengagement",7,128,"Total indirect effect",1364,9229,"Rubin pooled over 20 imputations; Point estimate only; interval simulation not run for this block",0.00194239542688639,,,"0.002",,4.67287260781307e-08,,,20,,"","positive; interval unavailable"
"fixed_context","Fixed-context-adjusted decomposition with imputed maternal baseline","Primary","TE-JMAES-H1-MLC","6-12 years","Stricter restricted (>=3 complete occasions)","Low Maternal Absence, Higher SES","Rising Maternal Absence, Improving SES","Rising Maternal Absence, Improving SES vs Low Maternal Absence, Higher SES","Comparator minus reference","higher","base_pathway_block","Base pathway block","Food insecurity; Violence exposure; Ever had sexual intercourse",3,8,"Block direct effect",1364,9229,"Rubin pooled over 20 imputations; cluster-robust coefficient simulation, 120 sequential joint-block draws",0.0425629506871412,-0.010515446010728,0.0956413473850105,"0.043 (-0.011, 0.096)",0.000730712828644796,2.55561387424998e-06,0.000733396223212758,1419259.68537474,20,,"","positive; interval includes 0"
"fixed_context","Fixed-context-adjusted decomposition with imputed maternal baseline","Primary","TE-JMAES-H1-MLC","6-12 years","Stricter restricted (>=3 complete occasions)","Low Maternal Absence, Higher SES","Rising Maternal Absence, Improving SES","Rising Maternal Absence, Improving SES vs Low Maternal Absence, Higher SES","Comparator minus reference","higher","base_pathway_block","Base pathway block","Food insecurity; Violence exposure; Ever had sexual intercourse",3,8,"Total effect",1364,9229,"Rubin pooled over 20 imputations; cluster-robust coefficient simulation, 120 sequential joint-block draws",0.042986519199545,-0.0112537325099388,0.0972267709090288,"0.043 (-0.011, 0.097)",0.000763573774042648,2.17287725719152e-06,0.000765855295162699,2140908.23678116,20,,"","positive; interval includes 0"
"fixed_context","Fixed-context-adjusted decomposition with imputed maternal baseline","Primary","TE-JMAES-H1-MLC","6-12 years","Stricter restricted (>=3 complete occasions)","Low Maternal Absence, Higher SES","Rising Maternal Absence, Improving SES","Rising Maternal Absence, Improving SES vs Low Maternal Absence, Higher SES","Comparator minus reference","higher","base_pathway_block","Base pathway block","Food insecurity; Violence exposure; Ever had sexual intercourse",3,8,"Total indirect effect",1364,9229,"Rubin pooled over 20 imputations; cluster-robust coefficient simulation, 120 sequential joint-block draws",0.000423568512403805,-0.010860193832138,0.0117073308569456,"0.000 (-0.011, 0.012)",3.30152368305077e-05,1.23061720745156e-07,3.31444516372901e-05,1250117.14740065,20,0.00985351966828446,"1.0%","positive; interval includes 0"
"fixed_context","Fixed-context-adjusted decomposition with imputed maternal baseline","Primary","TE-JMAES-H1-MLC","6-12 years","Stricter restricted (>=3 complete occasions)","Low Maternal Absence, Higher SES","Rising Maternal Absence, Improving SES","Rising Maternal Absence, Improving SES vs Low Maternal Absence, Higher SES","Comparator minus reference","higher","expanded_pathway_block","Expanded pathway block","Food insecurity; Violence exposure; Ever had sexual intercourse; Alcohol use; Lack of government grant receipt; Low social support; School disengagement",7,128,"Block direct effect",1364,9229,"Rubin pooled over 20 imputations; Point estimate only; interval simulation not run for this block",0.0420183543563864,,,"0.042",,2.60570251585545e-06,,,20,,"","positive; interval unavailable"
"fixed_context","Fixed-context-adjusted decomposition with imputed maternal baseline","Primary","TE-JMAES-H1-MLC","6-12 years","Stricter restricted (>=3 complete occasions)","Low Maternal Absence, Higher SES","Rising Maternal Absence, Improving SES","Rising Maternal Absence, Improving SES vs Low Maternal Absence, Higher SES","Comparator minus reference","higher","expanded_pathway_block","Expanded pathway block","Food insecurity; Violence exposure; Ever had sexual intercourse; Alcohol use; Lack of government grant receipt; Low social support; School disengagement",7,128,"Total effect",1364,9229,"Rubin pooled over 20 imputations; Point estimate only; interval simulation not run for this block",0.0419265129837853,,,"0.042",,2.35223486633113e-06,,,20,,"","positive; interval unavailable"
"fixed_context","Fixed-context-adjusted decomposition with imputed maternal baseline","Primary","TE-JMAES-H1-MLC","6-12 years","Stricter restricted (>=3 complete occasions)","Low Maternal Absence, Higher SES","Rising Maternal Absence, Improving SES","Rising Maternal Absence, Improving SES vs Low Maternal Absence, Higher SES","Comparator minus reference","higher","expanded_pathway_block","Expanded pathway block","Food insecurity; Violence exposure; Ever had sexual intercourse; Alcohol use; Lack of government grant receipt; Low social support; School disengagement",7,128,"Total indirect effect",1364,9229,"Rubin pooled over 20 imputations; Point estimate only; interval simulation not run for this block",-9.18413726011643e-05,,,"-0.000",,1.81152596754851e-07,,,20,,"","negative; interval unavailable"
